maize.gene.id	clustera	DEb
GRMZM2G125557	1	✓
GRMZM2G300348	1	
GRMZM2G178972	1	
GRMZM2G016323	1	
GRMZM2G014729	1	
GRMZM2G083022	1	
GRMZM2G004988	1	
GRMZM5G829663	1	
GRMZM2G177510	1	
GRMZM2G420823	1	
AC204891.4_FG001	1	
GRMZM2G352898	1	
GRMZM2G386088	1	
GRMZM2G051753	1	
GRMZM2G032484	1	
GRMZM2G017709	1	
GRMZM2G417843	1	
GRMZM2G143480	1	
GRMZM2G128663	1	
GRMZM2G020728	1	
GRMZM2G395736	2	✓
GRMZM5G889321	2	✓
GRMZM2G059937	2	✓
GRMZM2G053939	2	✓
GRMZM2G017654	2	✓
GRMZM5G893913	2	✓
GRMZM2G377539	2	✓
GRMZM2G070633	2	✓
GRMZM2G357804	2	✓
GRMZM2G317835	2	✓
GRMZM2G061876	2	✓
GRMZM2G030710	2	
GRMZM2G049173	2	
GRMZM2G474777	2	
GRMZM2G328612	2	
AC207533.2_FG002	2	
GRMZM2G133249	2	
GRMZM2G031656	2	
GRMZM2G144701	2	
GRMZM2G158575	2	
GRMZM2G074496	2	
GRMZM2G085718	2	
GRMZM2G066485	2	
GRMZM2G105245	2	
GRMZM2G056996	2	
GRMZM2G174785	2	
GRMZM2G431157	2	
GRMZM5G834734	2	
GRMZM2G076987	2	
GRMZM2G437675	2	
AC150739.3_FG001	2	
AC203761.3_FG002	2	
GRMZM2G140156	2	
GRMZM2G007229	2	
GRMZM2G061023	2	
GRMZM2G110153	2	
GRMZM2G149905	3	✓
GRMZM2G163494	3	✓
GRMZM2G097856	3	
GRMZM2G047143	3	
GRMZM2G408768	3	
GRMZM2G130868	3	
GRMZM2G070163	3	
GRMZM2G140223	3	
AC205500.3_FG002	3	
GRMZM2G087128	3	
GRMZM2G098298	3	
GRMZM2G159759	3	
GRMZM2G138252	3	
GRMZM2G153536	3	
GRMZM2G131221	3	
GRMZM2G368908	3	
GRMZM2G131907	3	
GRMZM2G318346	3	
GRMZM2G037140	3	
GRMZM2G147279	4	✓
AC233914.1_FG001	4	✓
GRMZM2G397616	4	✓
GRMZM2G049185	4	✓
GRMZM2G029756	4	✓
GRMZM2G036340	4	✓
GRMZM2G103270	4	✓
GRMZM5G805685	4	✓
GRMZM2G011110	4	✓
GRMZM2G060216	4	
GRMZM2G082312	4	
GRMZM2G017087	4	
GRMZM2G455828	4	
GRMZM2G002529	4	
GRMZM2G136508	4	
GRMZM5G887216	4	
GRMZM2G180430	4	
GRMZM2G114899	4	
GRMZM5G862945	4	
GRMZM2G358931	4	
GRMZM2G123495	4	
GRMZM2G142119	4	
GRMZM2G050734	5	✓
AC198923.4_FG002	5	✓
GRMZM2G378907	5	
GRMZM2G114190	5	
GRMZM2G010488	5	
AC207722.2_FG009	5	
GRMZM2G084397	5	
GRMZM2G028086	5	
GRMZM2G137541	5	
GRMZM2G106204	5	
GRMZM2G052890	5	
GRMZM2G174537	5	
GRMZM2G146308	5	
GRMZM2G100982	5	
GRMZM2G159285	5	
GRMZM2G080247	5	
GRMZM2G449496	5	
GRMZM2G115660	5	
GRMZM2G093441	5	
GRMZM2G093962	6	✓
GRMZM2G112598	6	✓
GRMZM5G821637	6	✓
GRMZM2G131262	6	✓
GRMZM2G472643	6	✓
AC210013.4_FG002	6	
GRMZM2G174249	6	
GRMZM2G417770	6	
GRMZM2G144707	6	
GRMZM2G144282	6	
GRMZM2G050234	6	
GRMZM2G321810	6	
GRMZM2G107945	6	
GRMZM2G020929	6	
GRMZM2G087675	6	
GRMZM2G143627	6	
GRMZM2G009894	6	
AC217887.3_FG004	7	✓
GRMZM2G127031	7	✓
GRMZM2G179677	7	✓
GRMZM2G127035	7	✓
GRMZM2G022904	7	✓
GRMZM2G143723	7	✓
GRMZM5G892094	7	
GRMZM2G117321	7	
GRMZM2G121843	7	
GRMZM2G179507	7	
GRMZM2G077008	7	
GRMZM2G024104	7	
GRMZM2G013652	7	
GRMZM2G181607	8	✓
GRMZM2G467756	8	✓
GRMZM2G087068	8	✓
GRMZM2G476523	8	✓
GRMZM2G031925	8	✓
GRMZM2G442791	8	✓
GRMZM2G152919	8	✓
GRMZM2G064590	8	✓
GRMZM2G105863	8	✓
GRMZM2G040441	8	✓
AC187891.3_FG006	8	✓
GRMZM2G034598	8	✓
GRMZM2G166445	8	✓
GRMZM2G093895	8	✓
GRMZM2G369815	8	✓
GRMZM2G427618	8	✓
GRMZM2G441906	8	✓
GRMZM2G020091	8	✓
GRMZM2G013960	8	✓
GRMZM2G080603	8	✓
GRMZM2G079316	8	✓
GRMZM2G175543	8	✓
GRMZM2G339523	8	
GRMZM2G025414	8	
GRMZM2G142063	8	
GRMZM2G139324	9	✓
GRMZM2G444748	9	✓
GRMZM5G893343	9	✓
GRMZM2G316534	9	✓
GRMZM2G162305	9	✓
GRMZM2G373928	9	✓
GRMZM2G110195	9	✓
GRMZM2G016066	9	
GRMZM2G302601	9	
GRMZM2G125850	9	
GRMZM2G126808	9	
GRMZM2G155217	9	
GRMZM2G010868	9	
AC203535.4_FG004	9	
GRMZM2G015097	9	
GRMZM2G154449	9	
GRMZM2G125095	9	
GRMZM2G022915	9	
GRMZM2G025048	9	
GRMZM2G003406	9	
GRMZM2G531231	9	
GRMZM2G080452	9	
GRMZM2G017223	9	
GRMZM2G084958	9	
GRMZM5G822819	9	
GRMZM2G055135	9	
GRMZM5G817934	10	✓
GRMZM2G128986	10	✓
GRMZM2G093503	10	
GRMZM2G005374	10	
GRMZM2G063024	10	
GRMZM2G110500	10	
GRMZM2G174170	10	
GRMZM2G032594	10	
GRMZM2G028254	10	
GRMZM2G158304	10	
GRMZM2G177005	10	
GRMZM2G397281	10	
GRMZM2G099319	10	
GRMZM2G089995	11	✓
GRMZM5G836977	11	✓
GRMZM2G364612	11	✓
GRMZM2G006676	11	✓
GRMZM2G002147	11	✓
GRMZM2G170338	11	✓
GRMZM2G444743	11	✓
GRMZM2G094589	11	✓
GRMZM2G016605	11	✓
GRMZM2G097900	11	✓
GRMZM2G165461	11	✓
GRMZM2G090010	11	✓
GRMZM2G317450	11	✓
GRMZM2G022642	11	✓
GRMZM2G138067	11	✓
GRMZM2G071907	11	✓
GRMZM2G444819	11	✓
AC177946.2_FG004	11	✓
GRMZM2G054032	11	✓
GRMZM2G145583	11	
GRMZM2G301853	11	
GRMZM2G055446	11	
GRMZM2G136910	11	
GRMZM2G056231	11	
GRMZM5G866027	11	
GRMZM2G475185	11	
GRMZM2G071832	11	
GRMZM2G073377	11	
GRMZM2G048470	11	
GRMZM2G083526	12	✓
GRMZM2G046729	12	✓
GRMZM2G109130	12	✓
GRMZM2G013002	12	✓
GRMZM2G122277	12	✓
GRMZM2G160585	12	✓
GRMZM2G460566	12	✓
GRMZM2G455809	12	✓
GRMZM2G175562	12	✓
GRMZM2G058595	12	✓
GRMZM2G333980	12	✓
GRMZM2G302045	12	✓
GRMZM2G136266	12	✓
GRMZM2G343157	12	✓
GRMZM2G344993	12	✓
GRMZM2G076348	12	
GRMZM2G045109	12	
GRMZM2G140901	12	
GRMZM2G068714	12	
GRMZM2G479038	12	
GRMZM5G804181	12	
GRMZM2G168474	12	
GRMZM2G181605	12	
GRMZM2G355062	12	
GRMZM2G025648	12	
GRMZM5G854138	12	
GRMZM5G804323	12	
GRMZM2G093270	12	
GRMZM5G838098	12	
GRMZM2G089056	12	
GRMZM2G425072	12	
GRMZM2G051949	12	
GRMZM2G041462	12	
GRMZM2G046163	12	
GRMZM2G005290	12	
GRMZM2G079127	12	
GRMZM2G060319	12	
GRMZM2G103128	12	
GRMZM2G028258	12	
GRMZM2G381378	12	
GRMZM2G087094	12	
GRMZM2G454511	12	
GRMZM2G154149	12	
GRMZM2G149756	12	
GRMZM5G817559	12	
GRMZM2G080689	12	
GRMZM2G104542	12	
GRMZM2G109056	12	
GRMZM2G148333	12	
GRMZM2G050268	12	
GRMZM2G167549	12	
GRMZM2G025642	12	
GRMZM2G151230	12	
GRMZM2G080940	12	
GRMZM2G005954	12	
GRMZM2G456217	12	
GRMZM2G022065	13	✓
GRMZM2G119300	13	✓
GRMZM2G324083	13	✓
GRMZM5G850966	13	✓
GRMZM2G168651	13	✓
GRMZM2G096877	13	
GRMZM2G061472	13	
GRMZM2G374309	13	
GRMZM2G179518	13	
GRMZM2G028677	13	
GRMZM2G025552	13	
GRMZM2G104505	13	
AC210013.4_FG003	13	
GRMZM2G066981	13	
GRMZM2G024315	13	
GRMZM2G028004	13	
GRMZM5G833153	13	
GRMZM2G057535	13	
GRMZM2G057475	13	
GRMZM2G179346	13	
GRMZM2G348512	13	
GRMZM2G107289	13	
GRMZM2G165597	13	
GRMZM2G044306	13	
GRMZM2G178102	13	
GRMZM2G027835	13	
GRMZM2G021223	13	
GRMZM5G871336	13	
GRMZM2G174221	13	
GRMZM2G145461	13	
GRMZM2G099305	14	✓
GRMZM2G005435	14	✓
GRMZM2G056524	14	
GRMZM5G821027	14	
GRMZM2G174568	14	
GRMZM2G329144	14	
AC204539.4_FG003	14	
GRMZM2G093346	14	
GRMZM5G847530	14	
GRMZM2G107984	14	
GRMZM2G088086	14	
GRMZM2G095389	14	
GRMZM2G046480	14	
GRMZM5G890865	14	
GRMZM2G005844	14	
GRMZM2G160560	14	
GRMZM2G458974	14	
GRMZM2G156388	14	
GRMZM2G113414	14	
GRMZM2G174196	14	
GRMZM2G314663	14	
GRMZM2G143499	15	✓
GRMZM2G010855	15	✓
GRMZM2G417166	15	✓
GRMZM2G401331	15	✓
GRMZM2G055313	15	✓
GRMZM2G004511	15	✓
GRMZM2G026847	15	✓
GRMZM2G022318	15	✓
GRMZM2G122937	15	
GRMZM2G065176	15	
GRMZM2G152573	15	
GRMZM2G108410	15	
GRMZM2G062527	16	✓
GRMZM2G010596	16	✓
GRMZM2G123202	16	✓
GRMZM2G002304	16	✓
GRMZM2G083538	16	✓
GRMZM2G174274	16	✓
GRMZM2G151811	16	✓
GRMZM2G107711	16	✓
GRMZM2G312419	16	✓
GRMZM2G133483	16	✓
GRMZM2G036297	16	✓
GRMZM2G105330	16	✓
GRMZM2G111022	16	
GRMZM2G163407	16	
GRMZM2G032896	16	
GRMZM2G410766	16	
GRMZM2G175761	16	
GRMZM2G009719	16	
GRMZM2G433579	16	
GRMZM2G100988	16	
GRMZM2G020255	16	
GRMZM2G070708	17	✓
AC199001.3_FG005	17	✓
GRMZM2G014295	17	✓
GRMZM2G083394	17	✓
GRMZM2G138230	17	✓
GRMZM2G467717	17	✓
GRMZM2G050882	17	✓
GRMZM5G840909	17	✓
GRMZM2G005236	17	✓
GRMZM2G461936	17	✓
GRMZM5G864693	17	
GRMZM2G033027	17	
GRMZM2G097068	17	
GRMZM2G376432	17	
GRMZM2G074037	17	
GRMZM5G845891	17	
GRMZM2G005624	17	
GRMZM2G075582	17	
GRMZM2G028139	17	
GRMZM2G154904	17	
GRMZM2G427529	17	
GRMZM2G165383	17	
GRMZM2G134340	17	
GRMZM2G009157	17	
GRMZM2G079452	17	
GRMZM2G064804	17	
GRMZM2G456570	17	
GRMZM2G133173	17	
GRMZM2G429213	17	
GRMZM2G014902	17	
GRMZM2G430745	17	
GRMZM2G023289	17	
GRMZM2G024395	17	
GRMZM2G310410	17	
GRMZM2G017299	17	
GRMZM2G035741	17	
GRMZM2G011079	17	
GRMZM2G372928	17	
GRMZM2G153445	17	
GRMZM2G106647	17	
GRMZM2G055880	18	✓
GRMZM2G381386	18	✓
GRMZM2G329454	18	✓
GRMZM2G018951	18	✓
AC190909.3_FG004	18	✓
GRMZM2G461948	18	✓
GRMZM2G108655	18	✓
GRMZM2G024482	18	✓
GRMZM2G455433	18	✓
GRMZM2G078576	18	✓
GRMZM2G353147	18	✓
GRMZM2G040968	18	✓
GRMZM5G825524	18	✓
GRMZM2G087619	18	✓
GRMZM2G340456	18	✓
AC205730.3_FG002	18	✓
GRMZM2G115812	18	✓
GRMZM2G136146	18	✓
GRMZM2G465764	18	
GRMZM2G022947	18	
GRMZM2G074103	18	
GRMZM2G365957	18	
GRMZM2G168096	18	
GRMZM2G481755	18	
GRMZM2G115255	18	
GRMZM2G432390	18	
GRMZM2G371210	18	
GRMZM2G169198	18	
GRMZM2G303587	18	
GRMZM2G174572	18	
GRMZM2G061419	18	
GRMZM2G025451	18	
GRMZM2G331614	18	
GRMZM2G033671	18	
GRMZM2G123719	18	
GRMZM2G106222	18	
GRMZM2G313162	18	
GRMZM2G588623	18	
GRMZM2G125585	18	
GRMZM2G320799	18	
GRMZM2G126038	18	
GRMZM2G131389	18	
GRMZM2G020438	18	
GRMZM2G052078	18	
AC211349.4_FG001	18	
GRMZM2G148323	18	
GRMZM2G072142	18	
GRMZM2G101062	18	
GRMZM2G410318	18	
GRMZM2G045544	18	
GRMZM2G115456	18	
AC189879.3_FG003	18	
GRMZM2G431708	18	
GRMZM2G130375	18	
GRMZM2G442057	18	
GRMZM2G360626	18	
GRMZM2G114893	19	✓
GRMZM2G322618	19	✓
GRMZM5G891967	19	✓
GRMZM2G052467	19	✓
GRMZM2G058531	19	✓
GRMZM5G879527	19	✓
GRMZM5G846152	19	✓
GRMZM2G021621	19	✓
GRMZM2G134334	19	✓
GRMZM2G073044	19	✓
GRMZM2G151319	19	✓
GRMZM5G832281	19	✓
GRMZM2G074032	19	✓
GRMZM2G531230	19	✓
GRMZM2G082032	19	✓
GRMZM2G112629	19	✓
GRMZM5G879665	19	✓
GRMZM5G822440	19	✓
GRMZM2G007324	19	✓
GRMZM2G162020	19	✓
GRMZM2G127404	19	✓
GRMZM2G179777	19	✓
GRMZM2G087878	19	✓
GRMZM2G050305	19	✓
GRMZM5G875864	19	✓
GRMZM2G085892	19	✓
GRMZM2G125507	19	✓
GRMZM2G052476	19	
GRMZM2G172945	19	
GRMZM2G028830	19	
GRMZM2G389557	19	
GRMZM2G167613	19	
GRMZM2G155216	19	
GRMZM2G005433	19	
GRMZM2G006631	19	
GRMZM2G000261	19	
GRMZM2G156905	19	
GRMZM2G389582	19	
GRMZM2G060079	20	✓
GRMZM5G898141	20	✓
GRMZM2G175860	20	✓
GRMZM2G064732	20	✓
GRMZM2G369912	20	✓
GRMZM2G126839	20	
GRMZM2G078501	20	
GRMZM2G131699	20	
AC205725.3_FG010	20	
AC207728.2_FG003	20	
GRMZM2G033612	20	
GRMZM5G812270	20	
GRMZM2G000245	20	
GRMZM2G448241	20	
GRMZM2G168335	20	
GRMZM2G157812	20	
GRMZM5G897473	20	
GRMZM2G010075	20	
GRMZM2G448258	20	
GRMZM2G418604	20	
GRMZM2G317451	NA	✓
GRMZM2G060837	NA	✓
GRMZM2G172917	NA	✓
GRMZM2G057753	NA	✓
GRMZM2G082874	NA	✓
GRMZM5G847159	NA	✓
GRMZM2G089092	NA	✓
GRMZM2G105922	NA	✓
GRMZM2G339540	NA	✓
GRMZM2G125527	NA	✓
GRMZM2G006780	NA	✓
GRMZM2G472651	NA	✓
GRMZM2G093325	NA	✓
GRMZM2G070167	NA	✓
GRMZM5G843174	NA	✓
GRMZM2G025685	NA	✓
GRMZM2G001934	NA	✓
GRMZM2G105901	NA	✓
GRMZM2G313448	NA	✓
GRMZM2G400268	NA	✓
GRMZM2G346920	NA	✓
GRMZM2G063363	NA	✓
GRMZM2G048497	NA	✓
GRMZM2G161168	NA	✓
AC211178.3_FG004	NA	✓
GRMZM2G076705	NA	✓
GRMZM2G171073	NA	✓
GRMZM2G175089	NA	✓
GRMZM2G036092	NA	✓
GRMZM2G051138	NA	✓
GRMZM2G154328	NA	✓
GRMZM2G347808	NA	✓
GRMZM2G441583	NA	✓
GRMZM2G010000	NA	✓
GRMZM2G103116	NA	✓
GRMZM2G304010	NA	✓
GRMZM5G886709	NA	✓
GRMZM2G114906	NA	✓
GRMZM5G882418	NA	✓
GRMZM2G439589	NA	✓
GRMZM2G113863	NA	✓
GRMZM2G138076	NA	✓
GRMZM2G027756	NA	✓
GRMZM5G822842	NA	✓
GRMZM5G821139	NA	✓
AC203535.4_FG002	NA	✓
GRMZM2G143651	NA	✓
GRMZM2G377589	NA	✓
GRMZM5G834697	NA	✓
GRMZM2G133428	NA	✓
GRMZM2G408834	NA	✓
GRMZM2G147701	NA	✓
GRMZM2G364328	NA	
AC177941.3_FG001	NA	
GRMZM2G134862	NA	
GRMZM5G847230	NA	
GRMZM5G805026	NA	
GRMZM2G458441	NA	
GRMZM2G112792	NA	
GRMZM2G024775	NA	
GRMZM2G368086	NA	
GRMZM2G141081	NA	
GRMZM2G035636	NA	
GRMZM2G353726	NA	
GRMZM2G109821	NA	
GRMZM2G165348	NA	
GRMZM2G476848	NA	
AC214534.3_FG010	NA	
GRMZM2G006006	NA	
GRMZM2G321129	NA	
GRMZM2G114232	NA	
GRMZM2G066675	NA	
GRMZM2G077845	NA	
GRMZM2G137551	NA	
GRMZM2G154036	NA	
GRMZM2G059029	NA	
GRMZM2G056870	NA	
GRMZM2G471253	NA	
GRMZM2G180435	NA	
GRMZM2G172774	NA	
GRMZM2G081502	NA	
GRMZM2G111774	NA	
GRMZM2G138967	NA	
GRMZM2G047681	NA	
GRMZM2G321394	NA	
GRMZM2G072526	NA	
GRMZM2G151717	NA	
GRMZM2G389089	NA	
GRMZM2G014180	NA	
GRMZM2G302035	NA	
GRMZM2G038492	NA	
GRMZM5G820650	NA	
GRMZM2G057093	NA	
GRMZM2G702502	NA	
GRMZM2G101689	NA	
GRMZM2G081585	NA	
GRMZM2G305850	NA	
GRMZM2G050262	NA	
GRMZM5G885862	NA	
GRMZM2G170455	NA	
AC207619.3_FG001	NA	
GRMZM2G124560	NA	
GRMZM2G447426	NA	
GRMZM2G038931	NA	
GRMZM2G360873	NA	
GRMZM2G115921	NA	
GRMZM2G026523	NA	
GRMZM2G175232	NA	
GRMZM5G878058	NA	
GRMZM2G123492	NA	
GRMZM2G174481	NA	
GRMZM2G131431	NA	
GRMZM2G002903	NA	
GRMZM2G072518	NA	
GRMZM2G460581	NA	
GRMZM2G025404	NA	
GRMZM2G015212	NA	
GRMZM5G881605	NA	
GRMZM5G817759	NA	
GRMZM2G157147	NA	
GRMZM2G050216	NA	
GRMZM2G049549	NA	
GRMZM2G150832	NA	
GRMZM2G043792	NA	
GRMZM2G013726	NA	
GRMZM2G470671	NA	
GRMZM2G398559	NA	
GRMZM2G358924	NA	
GRMZM5G800112	NA	
GRMZM2G347416	NA	
GRMZM5G873929	NA	
GRMZM2G329532	NA	
GRMZM5G816423	NA	
GRMZM2G334084	NA	
GRMZM5G851744	NA	
GRMZM2G045404	NA	
GRMZM5G886855	NA	
GRMZM2G093422	NA	
GRMZM2G147288	NA	
GRMZM2G061016	NA	
GRMZM2G167630	NA	
GRMZM2G169295	NA	
GRMZM2G377165	NA	
GRMZM2G456647	NA	
GRMZM5G800669	NA	
GRMZM2G337402	NA	
GRMZM2G011743	NA	
GRMZM2G080898	NA	
GRMZM2G073150	NA	
GRMZM2G494514	NA	
AC177911.4_FG005	NA	
AC194172.3_FG008	NA	
AC204569.3_FG002	NA	
AC191360.3_FG015	NA	
GRMZM2G427409	NA	
GRMZM2G020305	NA	
GRMZM2G043926	NA	
GRMZM2G086190	NA	
GRMZM2G139657	NA	
GRMZM2G124555	NA	
GRMZM5G809743	NA	
GRMZM2G095931	NA	
GRMZM2G168077	NA	
GRMZM2G066234	NA	
GRMZM2G400707	NA	
GRMZM2G061354	NA	
GRMZM2G157218	NA	
GRMZM5G860078	NA	
GRMZM2G020738	NA	
AC195235.3_FG003	NA	
GRMZM2G158657	NA	
GRMZM2G028570	NA	
GRMZM2G009818	NA	
GRMZM2G097106	NA	
AC199487.4_FG002	NA	
AC197347.3_FG003	NA	
GRMZM2G179779	NA	
GRMZM2G455330	NA	
GRMZM2G115705	NA	
GRMZM5G811592	NA	
GRMZM2G123480	NA	
AC232289.2_FG009	NA	
GRMZM2G053999	NA	
GRMZM2G120371	NA	
GRMZM2G438673	NA	
GRMZM2G046966	NA	
GRMZM2G451314	NA	
AC215605.2_FG003	NA	
GRMZM2G458607	NA	
GRMZM2G083248	NA	
GRMZM2G104847	NA	
AC184765.4_FG005	NA	
AC195351.3_FG003	NA	
GRMZM2G126032	NA	
GRMZM2G320325	NA	
GRMZM2G131473	NA	
GRMZM2G072614	NA	
GRMZM2G085750	NA	
GRMZM2G016443	NA	
GRMZM2G703846	NA	
GRMZM2G404855	NA	
GRMZM2G071052	NA	
AC204679.3_FG003	NA	
GRMZM2G115716	NA	
GRMZM2G463157	NA	
GRMZM2G542373	NA	
GRMZM2G053126	NA	
GRMZM2G113480	NA	
GRMZM2G111579	NA	
GRMZM5G897224	NA	
GRMZM2G001145	NA	
GRMZM2G024150	NA	
GRMZM2G407347	NA	
GRMZM2G095782	NA	
GRMZM2G480777	NA	
GRMZM2G470010	NA	
GRMZM2G048763	NA	
GRMZM2G053008	NA	
GRMZM2G015568	NA	
GRMZM2G067176	NA	
GRMZM2G700716	NA	
GRMZM2G084938	NA	
GRMZM2G054048	NA	
GRMZM2G353779	NA	
GRMZM2G459540	NA	
GRMZM2G700163	NA	
GRMZM2G539790	NA	
GRMZM2G087169	NA	
AC196135.3_FG006	NA	
GRMZM2G103247	NA	
GRMZM2G346346	NA	
GRMZM2G579057	NA	
GRMZM5G881908	NA	
GRMZM2G079353	NA	
GRMZM2G508530	NA	
GRMZM2G082097	NA	
GRMZM2G097768	NA	
GRMZM2G356404	NA	
GRMZM2G169227	NA	
GRMZM5G865626	NA	
GRMZM2G479523	NA	
GRMZM2G027100	NA	
AC191380.3_FG001	NA	
GRMZM2G112745	NA	
GRMZM2G171395	NA	
GRMZM2G351330	NA	
GRMZM2G032244	NA	
GRMZM2G004732	NA	
GRMZM2G163471	NA	
AC232289.2_FG006	NA	
GRMZM2G072500	NA	
GRMZM2G417205	NA	
GRMZM2G020401	NA	
GRMZM2G074781	NA	
GRMZM2G178227	NA	
GRMZM5G830888	NA	
GRMZM2G378040	NA	
GRMZM2G055334	NA	
GRMZM5G841309	NA	
GRMZM2G121333	NA	
GRMZM2G101744	NA	
GRMZM2G105319	NA	
AC216872.3_FG002	NA	
GRMZM2G463028	NA	
GRMZM5G839017	NA	
AC190576.2_FG002	NA	
GRMZM2G027007	NA	
GRMZM2G703322	NA	
AC211250.4_FG003	NA	
GRMZM2G329146	NA	
GRMZM2G438704	NA	
GRMZM2G096944	NA	
GRMZM2G059064	NA	
GRMZM2G107839	NA	
AC217415.3_FG001	NA	
GRMZM2G001497	NA	
GRMZM2G149940	NA	
GRMZM2G158437	NA	
GRMZM2G064663	NA	
GRMZM2G177883	NA	
GRMZM2G072238	NA	
GRMZM2G043521	NA	
GRMZM2G124042	NA	
AC198979.4_FG009	NA	
GRMZM2G009144	NA	
GRMZM2G133764	NA	
GRMZM2G006626	NA	
GRMZM2G451308	NA	
GRMZM2G700165	NA	
GRMZM2G131243	NA	
GRMZM2G100519	NA	
GRMZM2G112402	NA	
GRMZM2G102499	NA	
GRMZM2G121256	NA	
GRMZM2G043464	NA	
GRMZM5G862857	NA	
GRMZM2G072048	NA	
GRMZM2G061339	NA	
GRMZM2G108396	NA	
GRMZM2G070804	NA	
GRMZM2G016754	NA	
GRMZM2G143244	NA	
AC147602.5_FG004	NA	
GRMZM2G180160	NA	
GRMZM2G072506	NA	
GRMZM2G054905	NA	
GRMZM2G138995	NA	
GRMZM2G700903	NA	
GRMZM2G474229	NA	
GRMZM2G047370	NA	
GRMZM5G856653	NA	
GRMZM5G826984	NA	
GRMZM2G317069	NA	
GRMZM2G461648	NA	
GRMZM2G143591	NA	
GRMZM2G163774	NA	
GRMZM2G460576	NA	
GRMZM2G030523	NA	
GRMZM5G805351	NA	
GRMZM2G054715	NA	
GRMZM2G082260	NA	
GRMZM2G106741	NA	
GRMZM2G075584	NA	
GRMZM2G174210	NA	
GRMZM2G701861	NA	
GRMZM2G099502	NA	
GRMZM2G402797	NA	
GRMZM2G059689	NA	
GRMZM2G149360	NA	
GRMZM2G447569	NA	
GRMZM2G061396	NA	
AC203957.3_FG001	NA	
GRMZM2G366254	NA	
GRMZM2G094716	NA	
GRMZM5G821709	NA	
GRMZM2G444817	NA	
GRMZM2G416544	NA	
AC208221.3_FG002	NA	
GRMZM2G034302	NA	
GRMZM2G134332	NA	
GRMZM2G520535	NA	
GRMZM2G069827	NA	
GRMZM2G024865	NA	
GRMZM2G590803	NA	
GRMZM2G415901	NA	
GRMZM2G097929	NA	
GRMZM2G049127	NA	
GRMZM2G004946	NA	
GRMZM2G430685	NA	
GRMZM2G123550	NA	
GRMZM2G417455	NA	
GRMZM2G701535	NA	
GRMZM2G102851	NA	
GRMZM2G039648	NA	
GRMZM2G052423	NA	
GRMZM2G317085	NA	
GRMZM5G848897	NA	
GRMZM2G030744	NA	
GRMZM2G095469	NA	
AC214451.3_FG005	NA	
GRMZM2G469483	NA	
GRMZM2G469099	NA	
GRMZM2G487376	NA	
GRMZM2G105425	NA	
GRMZM2G005459	NA	
GRMZM5G813783	NA	
GRMZM2G121264	NA	
GRMZM2G004408	NA	
GRMZM2G162505	NA	
GRMZM2G107886	NA	
GRMZM2G119273	NA	
GRMZM5G888034	NA	
GRMZM2G070912	NA	
AC207260.3_FG004	NA	
GRMZM2G476175	NA	
GRMZM5G849791	NA	
GRMZM2G414460	NA	
GRMZM2G395348	NA	
GRMZM2G024657	NA	
GRMZM2G100103	NA	
GRMZM2G700339	NA	
GRMZM2G353729	NA	
GRMZM2G046849	NA	
GRMZM2G094736	NA	
AC187813.3_FG002	NA	
GRMZM2G061521	NA	
GRMZM2G371912	NA	
GRMZM2G117412	NA	
GRMZM5G889225	NA	
GRMZM5G803981	NA	
GRMZM2G040170	NA	
GRMZM2G088349	NA	
GRMZM2G001905	NA	
GRMZM5G870838	NA	
GRMZM2G700146	NA	
GRMZM2G440529	NA	
GRMZM2G704383	NA	
GRMZM2G157153	NA	
GRMZM2G049568	NA	
GRMZM2G051745	NA	
GRMZM2G470740	NA	
GRMZM2G002135	NA	
AC205269.3_FG003	NA	
GRMZM2G070079	NA	
GRMZM2G014005	NA	
GRMZM2G325589	NA	
GRMZM5G831224	NA	
GRMZM2G000376	NA	
GRMZM2G060027	NA	
GRMZM5G870571	NA	
GRMZM2G444874	NA	
GRMZM2G143213	NA	
GRMZM2G005301	NA	
GRMZM2G400725	NA	
GRMZM2G370985	NA	
GRMZM2G702681	NA	
GRMZM2G083328	NA	
AC211257.3_FG002	NA	
GRMZM2G042013	NA	
GRMZM2G173311	NA	
GRMZM2G105219	NA	
GRMZM2G701585	NA	
AC207427.3_FG005	NA	
AC217887.3_FG005	NA	
GRMZM2G029135	NA	
GRMZM5G807754	NA	
GRMZM2G407790	NA	
GRMZM2G328593	NA	
GRMZM2G042089	NA	
GRMZM2G087628	NA	
GRMZM2G451035	NA	
GRMZM2G068506	NA	
GRMZM2G178209	NA	
GRMZM2G405708	NA	
GRMZM2G070978	NA	
GRMZM2G398628	NA	
GRMZM2G323757	NA	
GRMZM2G004500	NA	
GRMZM2G107938	NA	
GRMZM2G428659	NA	
GRMZM2G121851	NA	
GRMZM2G333274	NA	
GRMZM5G855705	NA	
GRMZM2G168516	NA	
GRMZM2G425127	NA	
GRMZM2G471970	NA	
GRMZM2G162079	NA	
GRMZM2G114992	NA	
GRMZM5G866100	NA	
GRMZM5G894320	NA	
GRMZM2G365731	NA	
GRMZM2G093399	NA	
GRMZM2G169440	NA	
GRMZM2G703265	NA	
GRMZM2G021790	NA	
GRMZM2G704220	NA	
GRMZM2G151397	NA	
GRMZM2G567619	NA	
GRMZM2G322220	NA	
GRMZM2G073504	NA	
GRMZM5G875253	NA	
GRMZM5G827668	NA	
GRMZM2G069905	NA	
GRMZM2G460861	NA	
GRMZM2G061602	NA	
GRMZM5G808447	NA	
GRMZM2G147780	NA	
GRMZM2G128301	NA	
GRMZM5G866522	NA	
GRMZM2G126019	NA	
GRMZM2G515874	NA	
GRMZM2G021598	NA	
GRMZM2G054152	NA	
GRMZM2G074664	NA	
GRMZM2G367326	NA	
GRMZM2G149022	NA	
AC197718.3_FG002	NA	
GRMZM2G013712	NA	
GRMZM2G169951	NA	
GRMZM2G438176	NA	
GRMZM2G107931	NA	
AC197143.3_FG010	NA	
GRMZM2G132140	NA	
AC185226.4_FG001	NA	
GRMZM2G000353	NA	
GRMZM2G339452	NA	
GRMZM2G448466	NA	
GRMZM2G033694	NA	
GRMZM2G010100	NA	
GRMZM5G870176	NA	
GRMZM2G033014	NA	
GRMZM2G082823	NA	
GRMZM2G181637	NA	
AC184133.3_FG001	NA	
GRMZM2G079219	NA	
GRMZM2G034724	NA	
GRMZM2G016480	NA	
GRMZM2G068904	NA	
GRMZM2G098828	NA	
GRMZM2G099366	NA	
AC196709.3_FG001	NA	
GRMZM2G062210	NA	
AC217050.4_FG004	NA	
GRMZM2G334567	NA	
GRMZM5G814787	NA	
GRMZM2G174458	NA	
GRMZM2G578155	NA	
GRMZM2G130790	NA	
GRMZM2G152526	NA	
GRMZM2G081943	NA	
GRMZM2G415491	NA	
GRMZM2G035497	NA	
GRMZM2G467212	NA	
GRMZM2G079100	NA	
GRMZM2G016434	NA	
GRMZM2G177349	NA	
GRMZM2G178990	NA	
GRMZM2G305671	NA	
GRMZM2G700459	NA	
GRMZM2G136544	NA	
GRMZM2G104789	NA	
AC192608.3_FG004	NA	
GRMZM2G158593	NA	
GRMZM2G094388	NA	
GRMZM2G162525	NA	
GRMZM2G046601	NA	
GRMZM2G307088	NA	
GRMZM2G015703	NA	
GRMZM2G053083	NA	
GRMZM2G103101	NA	
GRMZM2G115975	NA	
GRMZM2G418635	NA	
AC217241.3_FG004	NA	
AC214267.3_FG004	NA	
AC232289.2_FG005	NA	
GRMZM2G034283	NA	
GRMZM2G700272	NA	
GRMZM2G409589	NA	
AC196961.2_FG004	NA	
GRMZM5G846916	NA	
GRMZM2G101001	NA	
GRMZM2G369945	NA	
GRMZM2G400720	NA	
GRMZM2G334592	NA	
GRMZM2G404762	NA	
GRMZM2G079236	NA	
GRMZM2G001297	NA	
GRMZM2G174129	NA	
GRMZM2G151367	NA	
GRMZM2G095898	NA	
GRMZM2G119322	NA	
GRMZM2G035755	NA	
GRMZM2G479330	NA	
GRMZM2G093950	NA	
GRMZM2G052334	NA	
GRMZM2G098076	NA	
GRMZM2G318526	NA	
GRMZM2G166855	NA	
GRMZM2G468260	NA	
GRMZM2G416308	NA	
GRMZM2G059669	NA	