gid_B73	n_mu	mid	sids	fam	fam_size	fam_idx	gid_W22	map_type	impact	eff	TF45	n.tgt	m.drc	tf.type	eQTL_fc	eQTL_n	eQTL_grp_size	eQTL	B_Embryo	B_Endosperm	B_Internode	B_Leaf10	B_Root	B_Shoot	W_Embryo	W_Endosperm	W_Internode	W_Leaf10	W_Root	W_Shoot	max_W22_exp
Zm00001d000045	2	mu1016510|mu1040153	UFMu-01558,UFMu-10832,UFMu-12110,UFMu-13360,UFMu-13669|UFMu-04164	Trihelix	46	1	NA	NA	moderate	missense_variant	FALSE	0	NA	NA	NA	NA	NA		5.2	3.1	10.1	3.7	7.6	5.2	5.3	5.3	13.2	6.1	9.4	12.2	9.4
Zm00001d000179	1	mu1009911	UFMu-00252	ERF	177	1	NA	NA	no_change	NA	FALSE	4	1	acti	NA	NA	NA		0.6	1.7	1.3	5.3	1.9	2.6	0.9	5.0	1.3	13.1	1.9	3.8	5.0
Zm00001d000358	2	mu1092558|mu1095208	UFMu-13720|UFMu-11173	ARF	36	1	NA	NA	non-syntenic	NA	FALSE	0	NA	NA	NA	NA	NA		6.2	6.9	10.5	22.1	13.1	45.3	3.5	9.2	2.7	19.9	7.8	18.7	9.2
Zm00001d001933	1	mu1076720	UFMu-09235	C3H	55	1	Zm00004b006005	One-to-One	modifier	3_prime_UTR_variant	FALSE	0	NA	NA	NA	NA	NA		52.1	55.5	47.8	23.5	37.2	31.3	43.3	49.3	68.7	35.8	39.2	31.8	68.7
Zm00001d001945	1	mu1021266	UFMu-01723	ARF	36	3	Zm00004b006017	One-to-One	high	frameshift_variant	FALSE	3	1	acti	NA	NA	NA		45.9	2.1	0.2	0.2	9.9	15.1	33.6	1.3	0.1	0.4	8.3	9.7	9.7
Zm00001d001952	1	mu1065444	UFMu-00649	C3H	55	2	Zm00004b006023	One-to-One	high	exon_loss_variant	FALSE	0	NA	NA	NA	NA	NA		20.6	10.0	27.3	17.0	22.5	19.1	25.5	8.1	28.4	22.4	25.9	19.8	8.1
Zm00001d002005	1	mu1038042	UFMu-04038	SBP	30	1	Zm00004b006064	One-to-One	moderate	disruptive_inframe_deletion	FALSE	0	NA	NA	NA	NA	NA		0.0	0.0	0.0	0.9	0.0	1.4	0.1	0.0	0.0	2.1	0.0	0.6	2.1
Zm00001d002143	2	mu1008454|mu1018254	UFMu-00469|UFMu-00948	bZIP	128	1	Zm00004b006179	One-to-One	non-syntenic	start_lost	FALSE	2	1	acti	NA	NA	NA		1.9	1.9	9.8	5.2	17.3	5.4	3.9	17.0	22.7	20.1	86.9	13.1	86.9
Zm00001d002405	1	mu1047133	UFMu-06453	WRKY	121	1	Zm00004b006387	One-to-One	moderate	missense_variant	FALSE	3	1	acti	NA	NA	NA		2.1	1.6	43.7	11.6	27.6	11.8	11.2	1.7	34.7	10.2	27.8	14.4	34.7
Zm00001d002449	1	mu1047144	UFMu-06345	LFY	2	1	Zm00004b006425	One-to-One	moderate	missense_variant	FALSE	0	NA	NA	NA	NA	NA		0.9	0.2	0.1	0.0	0.0	1.9	0.7	0.4	0.0	0.9	0.0	0.6	0.9
Zm00001d002476	1	mu1040723	UFMu-04305	MYB	163	3	Zm00004b006448	One-to-One	moderate	missense_variant	FALSE	0	NA	NA	NA	NA	NA		0.0	0.0	14.7	2.8	4.4	0.8	0.0	0.0	0.7	5.9	5.2	1.1	5.9
Zm00001d002545	1	mu1040802	UFMu-04712	MYB_related	109	4	Zm00004b006514	One-to-One	moderate	missense_variant	FALSE	9	0.5555555555555556	mix	NA	NA	NA		11.6	17.9	23.3	1.6	1.6	1.5	0.4	3.2	2.2	3.1	1.1	0.6	3.2
Zm00001d002573	4	mu1035004|mu1037818|mu1044681|mu1066443	UFMu-03483|UFMu-03743|UFMu-05693|UFMu-08719	GRAS	81	2	Zm00004b006535	One-to-One	no_change	NA	FALSE	71	1	acti	NA	NA	NA		5.3	4.8	22.5	6.2	8.3	7.1	5.5	15.6	25.3	14.3	9.2	6.0	9.2
Zm00001d002718	4	mu1013961|mu1031381|mu1037873|mu1089982	UFMu-01467,UFMu-06612|UFMu-02847|UFMu-03250|UFMu-13442	GRAS	81	3	Zm00004b006662	One-to-One	moderate	missense_variant	FALSE	0	NA	NA	NA	NA	NA		9.6	2.6	8.8	24.3	17.6	17.0	9.9	0.6	5.3	24.5	18.3	16.9	9.9
Zm00001d002782	2	mu1059214|mu1085924	UFMu-07786|UFMu-10967	Trihelix	46	5	Zm00004b006723	One-to-One	moderate	missense_variant	FALSE	21	1	acti	NA	NA	NA		0.0	0.0	0.0	0.0	0.0	0.0	0.0	0.0	0.0	0.0	0.0	0.0	0.0
Zm00001d002801	3	mu1066587|mu1074718|mu1074718	UFMu-08329|UFMu-03723|UFMu-12627	Trihelix	46	6	Zm00004b006736	One-to-One	moderate	disruptive_inframe_deletion	FALSE	8	0.75	mix	NA	NA	NA		18.1	28.7	8.1	86.9	22.6	42.8	54.5	147.8	5.7	156.4	21.7	50.2	54.5
Zm00001d002806	1	mu1047347	UFMu-06453	DBB	14	1	Zm00004b006740	One-to-One	modifier	intron_variant	FALSE	0	NA	NA	NA	NA	NA		1.0	0.1	1.1	4.8	28.6	3.7	0.3	0.1	0.7	6.2	30.1	8.9	8.9
Zm00001d002811	2	mu1035166|mu1066596	UFMu-03228|UFMu-08432	GATA	36	2	Zm00004b006742	One-to-One	moderate	missense_variant	FALSE	0	NA	NA	NA	NA	NA		41.2	27.6	35.4	30.5	33.1	41.2	63.2	32.5	72.3	39.3	31.3	46.2	72.3
Zm00001d002929	1	mu1050285	UFMu-06000	ARF	36	4	Zm00004b006847	One-to-One	modifier	3_prime_UTR_variant	FALSE	0	NA	NA	NA	NA	NA		1.9	0.1	0.4	2.1	0.3	0.1	1.8	0.0	0.2	3.9	0.2	0.3	3.9
Zm00001d003331	2	mu1034641|mu1086000	UFMu-03261|UFMu-10639	WRKY	121	4	Zm00004b007182	One-to-One	high	stop_gained	FALSE	0	NA	NA	NA	NA	NA		7.9	0.1	0.0	0.2	0.1	1.5	0.4	0.1	0.0	0.6	0.0	1.1	1.1
Zm00001d003549	1	mu1069291	UFMu-08325	Trihelix	46	7	Zm00004b007362	One-to-One	high	frameshift_variant	FALSE	0	NA	NA	NA	NA	NA		1.2	1.2	1.2	0.8	1.8	1.3	0.9	0.4	1.3	1.0	1.7	1.2	1.7
Zm00001d003553	1	mu1047471	UFMu-06236	GRAS	81	4	Zm00004b007366	One-to-One	moderate	missense_variant	FALSE	0	NA	NA	NA	NA	NA		1.0	0.2	0.1	0.1	0.0	0.0	4.2	0.1	0.1	0.1	0.3	2.5	4.2
Zm00001d003645	1	mu1059324	UFMu-08206	ZF-HD	21	1	Zm00004b007429	One-to-One	moderate	disruptive_inframe_insertion	FALSE	0	NA	NA	NA	NA	NA		9.1	0.1	0.0	0.0	0.0	1.1	11.9	0.1	0.3	0.0	0.0	0.9	11.9
Zm00001d003657	1	mu1007374	UFMu-00317,UFMu-00741	GRAS	81	5	Zm00004b007440	One-to-One	moderate	missense_variant	FALSE	0	NA	NA	NA	NA	NA		0.1	0.1	0.9	0.4	1.0	0.4	0.2	0.0	0.1	0.3	1.0	0.8	1.0
Zm00001d004541	1	mu1089769	UFMu-13939	C3H	55	4	Zm00004b008113	One-to-One	moderate	missense_variant	FALSE	7	1	acti	NA	NA	NA		51.5	35.3	36.6	10.8	36.1	27.4	44.9	29.1	26.5	15.0	29.6	26.2	44.9
Zm00001d004651	1	mu1052217	UFMu-07092	C3H	55	5	Zm00004b008187	One-to-One	modifier	intron_variant	FALSE	0	NA	NA	NA	NA	NA		12.5	26.3	22.3	36.3	21.5	47.5	11.5	40.3	16.7	25.3	24.3	43.3	43.3
Zm00001d004744	1	mu1007921	UFMu-00459	MYB	163	8	Zm00004b008258	One-to-One	no_change	NA	FALSE	2	1	acti	NA	NA	NA		2.6	0.0	1.0	6.4	7.6	6.8	2.2	0.0	0.0	47.9	10.6	11.5	47.9
Zm00001d004857	1	mu1089824	UFMu-12521	bZIP	128	3	Zm00004b008336	One-to-One	modifier	intron_variant	FALSE	0	NA	NA	NA	NA	NA		31.7	1.4	95.1	23.4	26.8	19.8	95.0	6.9	132.4	49.8	82.1	63.5	95.0
Zm00001d005005	2	mu1043668|mu1052243	UFMu-04909|UFMu-06715	GATA	36	3	NA	NA	no_change	NA	FALSE	0	NA	NA	NA	NA	NA		0.0	0.0	0.0	0.0	0.0	0.0	0.0	0.0	0.0	0.0	0.0	0.0	0.0
Zm00001d005028	1	mu1029117	UFMu-02462	NAC	126	12	Zm00004b008481	One-to-One	low	synonymous_variant	FALSE	1	1	acti	NA	NA	NA		0.1	6.0	0.7	0.1	1.9	0.5	0.2	4.3	1.2	0.0	5.6	1.5	5.6
Zm00001d005029	2	mu1013874|mu1019839	UFMu-01221|UFMu-01078	GRAS	81	6	Zm00004b008482	One-to-One	moderate	missense_variant	FALSE	2	1	acti	72.82894736842105	2	8	liu2017,wang2018	25.3	0.1	6.6	29.4	11.0	57.1	39.5	0.0	2.0	33.9	14.0	52.0	52.0
Zm00001d005208	1	mu1085854	UFMu-11122	NAC	126	13	Zm00004b008605	One-to-One	no_change	NA	FALSE	1	1	acti	NA	NA	NA		16.2	0.9	7.5	3.0	8.2	3.9	17.3	1.2	14.3	1.8	8.8	3.8	8.8
Zm00001d005622	1	mu1059118	UFMu-08182	WRKY	121	8	Zm00004b008900	One-to-One	high	frameshift_variant	TRUE	0	NA	NA	NA	NA	NA		1.0	0.4	8.7	6.2	2.7	2.0	0.5	0.0	3.1	0.4	2.2	0.6	3.1
Zm00001d005798	1	mu1089946	UFMu-11974	ERF	177	16	Zm00004b009050	One-to-One	moderate	disruptive_inframe_deletion	FALSE	28	0.42857142857142855	mix	NA	NA	NA		18.9	13.4	64.0	8.7	35.3	17.3	29.2	6.5	74.6	172.7	46.6	20.7	74.6
Zm00001d005865	3	mu1009096|mu1052301|mu1089955	UFMu-00209,UFMu-00817|UFMu-06550|UFMu-12342	GeBP	20	1	Zm00004b009103	One-to-One	moderate	missense_variant	FALSE	0	NA	NA	NA	NA	NA		7.0	6.4	12.4	3.8	8.6	4.4	4.1	2.5	7.4	4.4	8.1	3.1	8.1
Zm00001d005875	1	mu1076549	UFMu-09246	HD-ZIP	60	9	Zm00004b009111	One-to-One	high	frameshift_variant	FALSE	0	NA	NA	NA	NA	NA		12.0	0.1	17.2	0.8	0.0	0.4	3.8	0.0	0.0	0.0	0.0	0.0	3.8
Zm00001d005884	1	mu1080825	UFMu-09656	bZIP	128	6	Zm00004b009120	One-to-One	moderate	missense_variant	FALSE	0	NA	NA	NA	NA	NA		6.5	1.3	22.4	5.3	11.9	9.8	2.5	0.1	12.9	4.6	20.1	5.8	5.8
Zm00001d005892	1	mu1052303	UFMu-06894	ERF	177	17	Zm00004b009125	One-to-One	moderate	missense_variant	FALSE	48	1	acti	NA	NA	NA		3.9	1.9	2.8	0.1	0.7	0.2	8.0	3.7	12.9	0.0	0.1	0.2	8.0
Zm00001d005931	1	mu1013937	UFMu-01682	ZF-HD	21	3	Zm00004b009160	One-to-One	moderate	conservative_inframe_insertion	FALSE	0	NA	NA	NA	NA	NA		3.1	0.1	0.0	0.7	0.0	2.5	5.5	0.3	0.0	0.0	0.0	1.6	5.5
Zm00001d005969	3	mu1013943|mu1013943|mu1059136	UFMu-02359|UFMu-10596|UFMu-07856	bHLH	190	16	Zm00004b009186	One-to-One	moderate	disruptive_inframe_deletion	FALSE	2	0	mix	NA	NA	NA		30.9	9.7	45.1	32.8	44.5	37.1	38.0	16.4	51.0	40.2	40.2	38.0	51.0
Zm00001d006022	1	mu1055795	UFMu-07239	bHLH	190	17	Zm00004b009229	One-to-One	high	stop_gained	FALSE	0	NA	NA	NA	NA	NA		2.2	2.2	0.4	3.2	11.1	6.7	5.3	2.2	3.3	4.1	11.9	8.8	8.8
Zm00001d006065	3	mu1021839|mu1032300|mu1052315	UFMu-01678|UFMu-02510|UFMu-06719	bHLH	190	18	Zm00004b009263	One-to-One	moderate	disruptive_inframe_insertion	FALSE	3	0.3333333333333333	mix	NA	NA	NA		12.2	3.9	3.5	47.2	29.7	25.0	27.5	3.7	10.6	55.2	45.0	52.1	55.2
Zm00001d006106	1	mu1013954	UFMu-01896	NAC	126	15	Zm00004b009301	One-to-One	no_change	NA	FALSE	0	NA	NA	NA	NA	NA		0.2	0.1	29.7	2.8	2.0	2.4	0.1	0.0	14.5	13.2	0.8	1.4	14.5
Zm00001d006110	1	mu1066509	UFMu-08801	bHLH	190	19	Zm00004b009304	One-to-One	moderate	disruptive_inframe_deletion	FALSE	0	NA	NA	NA	NA	NA		3.1	0.0	0.0	1.7	0.2	13.1	2.9	0.0	0.0	2.9	13.4	23.7	23.7
Zm00001d006157	1	mu1030198	UFMu-02836	bZIP	128	10	Zm00004b009342	One-to-One	moderate	disruptive_inframe_deletion	FALSE	0	NA	NA	NA	NA	NA		0.2	25.5	0.0	0.0	0.0	0.1	0.2	18.5	0.0	0.0	0.0	0.1	18.5
Zm00001d006165	1	mu1094495	UFMu-11189	TCP	42	5	Zm00004b009350	One-to-One	no_change	NA	FALSE	0	NA	NA	NA	NA	NA		1.9	1.1	1.4	0.1	2.7	1.0	1.3	1.1	1.0	0.2	3.0	0.8	3.0
Zm00001d006209	1	mu1055815	UFMu-07326	SRS	9	1	Zm00004b009396	One-to-One	no_change	NA	FALSE	1	1	acti	NA	NA	NA		14.1	0.7	0.0	0.0	1.9	1.8	17.7	0.0	0.0	0.0	1.4	1.1	17.7
Zm00001d006293	3	mu1007743|mu1030337|mu1043614	UFMu-00401|UFMu-02835|UFMu-05142	Nin-like	17	3	Zm00004b009450	One-to-One	modifier	intron_variant	FALSE	5	1	acti	NA	NA	NA		15.8	2.6	2.7	11.5	25.0	23.2	24.5	1.6	6.8	13.3	20.2	14.9	6.8
Zm00001d006319	1	mu1037895	UFMu-03778	C2H2	132	19	Zm00004b009465	One-to-One	non-syntenic	missense_variant	FALSE	0	NA	NA	NA	NA	NA		0.8	175.9	0.0	0.0	0.1	0.1	0.9	212.6	0.1	0.0	0.0	0.0	212.6
Zm00001d006578	3	mu1023670|mu1043592|mu1085905	UFMu-01909|UFMu-05354|UFMu-10918	bHLH	190	22	Zm00004b009681	One-to-One	no_change	NA	FALSE	0	NA	NA	12.426770814841115	1	17	li2013	17.2	22.6	31.6	24.2	34.2	33.2	13.0	23.6	28.2	37.5	37.0	34.0	37.5
Zm00001d006619	2	mu1043591|mu1090054	UFMu-05348|UFMu-11271	C3H	55	6	Zm00004b009716	One-to-One	no_change	NA	FALSE	0	NA	NA	20.737327188940093	1	10	li2013	14.0	6.8	32.2	11.5	19.9	12.9	12.0	12.8	22.3	10.9	20.2	13.9	22.3
Zm00001d006677	2	mu1059190|mu1094519	UFMu-07720|UFMu-13537	BES1	10	1	Zm00004b009767	One-to-One	moderate	conservative_inframe_insertion	FALSE	3	1	acti	36.885245901639344	1	18	li2013	23.6	6.3	13.4	9.8	11.6	20.5	26.3	23.3	28.9	19.7	12.0	21.4	28.9
Zm00001d006682	2	mu1033534|mu1050812	UFMu-03496|UFMu-06525	C2H2	132	21	Zm00004b009774	One-to-One	moderate	conservative_inframe_deletion	FALSE	0	NA	NA	8.136094674556212	1	6	li2013	26.2	17.0	21.6	12.8	11.6	16.2	25.3	3.9	31.6	25.8	9.8	14.5	9.8
Zm00001d006701	2	mu1043587|mu1080849	UFMu-05273|UFMu-09435,UFMu-10841,UFMu-11231	GRAS	81	8	Zm00004b009784	One-to-One	moderate	missense_variant	FALSE	1	1	acti	20.627730140753922	1	23	li2013	11.2	37.5	40.8	7.0	7.7	4.2	32.4	53.4	30.3	13.2	6.3	3.8	6.3
Zm00001d006739	1	mu1076617	UFMu-09352	LBD	45	1	Zm00004b009817	One-to-One	moderate	missense_variant	FALSE	0	NA	NA	NA	NA	NA		2.6	0.5	9.4	0.3	0.7	0.8	0.6	1.7	25.0	0.4	0.2	0.2	25.0
Zm00001d006945	5	mu1011734|mu1014035|mu1047328|mu1059218|mu1090102	UFMu-00688,UFMu-01208,UFMu-02933,UFMu-03526|UFMu-01339,UFMu-02660,UFMu-04213,UFMu-06452,UFMu-10913,UFMu-11213|UFMu-06521|UFMu-08133|UFMu-11434	GeBP	20	2	Zm00004b009986	One-to-One	moderate	missense_variant	FALSE	0	NA	NA	NA	NA	NA		2.4	1.5	8.6	5.4	4.9	3.8	2.9	1.5	4.0	3.0	4.2	2.7	4.2
Zm00001d007042	2	mu1018440|mu1037945	UFMu-01110|UFMu-03865	bZIP	128	11	Zm00004b010013	One-to-One	moderate	missense_variant	FALSE	0	NA	NA	NA	NA	NA		56.1	159.9	82.5	24.1	47.9	35.4	41.6	79.8	65.6	38.3	40.2	26.8	79.8
Zm00001d007339	1	mu1075419	UFMu-05381	C2H2	132	25	Zm00004b010269	One-to-One	moderate	missense_variant	FALSE	0	NA	NA	NA	NA	NA		16.7	4.8	10.6	5.2	12.7	12.6	21.7	7.4	25.5	5.1	13.7	8.4	8.4
Zm00001d007868	1	mu1094547	UFMu-11428	TCP	42	6	Zm00004b010745	One-to-One	moderate	disruptive_inframe_deletion	FALSE	1	1	acti	NA	NA	NA		3.4	0.4	1.4	0.2	2.7	2.0	8.8	0.4	0.4	0.2	5.1	1.9	8.8
Zm00001d007891	1	mu1074747	UFMu-04204	M-type_MADS	31	3	Zm00004b010727	One-to-One	moderate	missense_variant	FALSE	0	NA	NA	NA	NA	NA		1.9	0.3	1.6	0.6	1.0	0.6	1.1	0.4	0.8	1.3	1.1	1.0	1.3
Zm00001d008176	1	mu1041832	UFMu-04692	SBP	30	5	Zm00004b024550	One-to-One	modifier	3_prime_UTR_variant	FALSE	0	NA	NA	NA	NA	NA		22.5	22.6	130.4	29.4	49.0	22.6	20.5	17.1	70.4	48.8	60.9	21.4	70.4
Zm00001d008225	1	mu1093300	UFMu-11666	bZIP	128	12	Zm00004b024591	One-to-One	low	splice_region_variant	FALSE	0	NA	NA	NA	NA	NA		28.3	45.5	32.3	18.0	21.0	23.4	30.8	36.0	30.3	24.1	27.6	25.5	36.0
Zm00001d008308	2	mu1093502|mu1093503	UFMu-13096|UFMu-12989	NAC	126	17	NA	NA	high	frameshift_variant	FALSE	1	1	acti	NA	NA	NA		0.3	1.8	7.1	5.4	3.2	1.2	0.1	4.3	9.5	3.8	3.7	0.4	9.5
Zm00001d008602	6	mu1007918|mu1042351|mu1042351|mu1049553|mu1049554|mu1087171	UFMu-00264,UFMu-11144|UFMu-04838|UFMu-11104,UFMu-11434,UFMu-12054,UFMu-12436,UFMu-13293,UFMu-13590|UFMu-06526|UFMu-06452,UFMu-10913|UFMu-10948	MYB	163	19	Zm00004b024904	One-to-One	moderate	missense_variant	FALSE	0	NA	NA	NA	NA	NA		7.2	17.1	103.4	33.6	72.9	35.7	5.5	9.5	72.4	24.5	54.5	24.7	9.5
Zm00001d008734	1	mu1054503	UFMu-06541	bZIP	128	13	Zm00004b024997	One-to-One	moderate	missense_variant	FALSE	2	1	acti	NA	NA	NA		8.8	9.3	5.7	14.0	3.0	12.3	21.5	16.5	17.0	7.9	3.0	14.8	7.9
Zm00001d008812	1	mu1031525	UFMu-02724	C3H	55	11	Zm00004b025055	One-to-One	moderate	missense_variant	FALSE	8	1	acti	NA	NA	NA		49.1	0.8	3.8	2.1	9.7	1.1	127.8	1.9	2.9	3.3	20.0	1.9	3.3
Zm00001d008869	2	mu1054516|mu1073803	UFMu-06720|UFMu-04450	HD-ZIP	60	13	Zm00004b025100	One-to-One	high	frameshift_variant	FALSE	1	1	acti	NA	NA	NA		7.8	1.1	30.4	8.9	124.7	8.1	4.8	0.5	21.4	5.7	145.7	9.4	9.4
Zm00001d008919	1	mu1054518	UFMu-06867	TCP	42	7	Zm00004b025142	One-to-One	no_change	NA	FALSE	0	NA	NA	NA	NA	NA		1.3	0.1	0.0	0.6	0.5	2.5	7.5	0.0	0.2	2.6	1.4	3.0	7.5
Zm00001d008968	3	mu1045956|mu1087283|mu1093464	UFMu-05620|UFMu-10927|UFMu-11196	ERF	177	26	Zm00004b025178	One-to-One	moderate	disruptive_inframe_deletion	FALSE	0	NA	NA	NA	NA	NA		1.5	0.4	2.1	0.2	0.5	0.9	0.6	0.5	0.7	0.0	0.4	0.2	0.7
Zm00001d009562	2	mu1016444|mu1078768	UFMu-01691|UFMu-09139	HB-other	21	5	Zm00004b025630	One-to-One	moderate	missense_variant	FALSE	49	1	acti	NA	NA	NA		53.4	92.5	265.3	114.8	190.2	101.2	58.6	54.9	202.5	117.0	178.3	82.5	82.5
Zm00001d010048	1	mu1050701	UFMu-06457	ERF	177	30	Zm00004b026018	One-to-One	moderate	missense_variant	FALSE	0	NA	NA	82.1584699453552	3	17	li2013,liu2017,wang2018	12.8	18.7	19.8	21.3	31.7	14.9	51.1	29.2	71.2	28.8	45.4	12.4	71.2
Zm00001d010060	1	mu1058039	UFMu-07273	TALE	28	2	Zm00004b026027	One-to-One	modifier	intron_variant	FALSE	1	-1	repr	NA	NA	NA		1.0	0.1	37.7	6.1	5.8	3.9	1.7	0.4	26.2	21.5	8.8	4.0	8.8
Zm00001d010131	1	mu1046008	UFMu-05595	C2H2	132	27	Zm00004b026079	One-to-One	high	frameshift_variant	FALSE	0	NA	NA	NA	NA	NA		0.0	2.6	1.4	0.1	1.0	0.0	0.1	5.6	7.7	0.3	1.2	0.1	7.7
Zm00001d010168	1	mu1049450	UFMu-06526	bZIP	128	14	Zm00004b026108	One-to-One	no_change	NA	FALSE	0	NA	NA	NA	NA	NA		3.1	2.0	4.6	2.4	4.7	1.2	3.5	4.8	5.1	1.9	7.7	1.9	7.7
Zm00001d010309	2	mu1016123|mu1065124	UFMu-01818|UFMu-01147	SBP	30	6	Zm00004b026225	One-to-One	no_change	NA	FALSE	0	NA	NA	NA	NA	NA		28.0	40.3	81.1	37.9	61.7	41.1	20.1	30.7	73.3	71.7	64.6	38.9	73.3
Zm00001d010667	3	mu1009674|mu1049495|mu1087149	UFMu-00416|UFMu-06449|UFMu-10948	bZIP	128	17	NA	NA	no_change	NA	FALSE	0	NA	NA	NA	NA	NA		0.3	1.9	1.7	0.3	0.5	0.6	0.8	1.0	4.9	1.1	1.2	0.5	4.9
Zm00001d010676	1	mu1049497	UFMu-06526	ERF	177	32	Zm00004b026524,Zm00004b026525	Many-to-One	no_change	NA	FALSE	1	1	acti	NA	NA	NA		4.0	0.0	0.9	0.8	0.5	0.5	5.3	0.1	2.4	0.4	0.3	0.4	5.3
Zm00001d010713	1	mu1045834	UFMu-05707	CPP	12	1	Zm00004b026553	One-to-One	no_change	NA	TRUE	0	NA	NA	NA	NA	NA		17.6	5.2	28.8	4.5	10.4	7.7	14.1	4.7	18.8	5.9	12.2	8.0	8.0
Zm00001d010751	2	mu1060947|mu1078540	UFMu-08043,UFMu-11405|UFMu-09399	LBD	45	6	Zm00004b026584	One-to-One	no_change	NA	FALSE	17	1	acti	NA	NA	NA		18.2	1.8	2.3	5.8	4.0	4.7	20.3	5.6	5.4	21.6	7.9	5.6	7.9
Zm00001d010956	15	mu1018670|mu1024366|mu1031525|mu1042364|mu1060963|mu1068482|mu1069828|mu1070535|mu1071442|mu1074895|mu1078551|mu1085165|mu1085166|mu1085167|mu1093161	UFMu-00892|UFMu-03734,UFMu-04496,UFMu-05423,UFMu-11033,UFMu-11703|UFMu-02724|UFMu-05309|UFMu-07949|UFMu-08798|UFMu-02551,UFMu-08342,UFMu-09219,UFMu-11231,UFMu-12294|UFMu-02715|UFMu-02571,UFMu-04434,UFMu-09470|UFMu-03752|UFMu-09182|UFMu-10418|UFMu-10378|UFMu-10202|UFMu-11346	C3H	55	12	Zm00004b026750	One-to-One	no_change	NA	FALSE	132	1	acti	NA	NA	NA		5.9	6.7	71.6	11.3	15.2	4.1	31.8	13.0	237.1	6.6	16.5	5.4	6.6
Zm00001d010967	4	mu1016182|mu1057788|mu1068484|mu1093166	UFMu-01448|UFMu-07565|UFMu-08584|UFMu-12221	MYB_related	109	21	Zm00004b026758	One-to-One	no_change	NA	FALSE	0	NA	NA	NA	NA	NA		57.7	66.3	170.1	79.4	133.4	94.9	66.6	75.3	165.0	102.1	133.3	79.6	79.6
Zm00001d010987	1	mu1068486	UFMu-08349	AP2	28	5	Zm00004b026774	One-to-Many	no_change	NA	FALSE	0	NA	NA	NA	NA	NA		14.0	8.0	1.8	8.2	40.6	30.1	12.1	10.8	8.2	1.1	90.7	39.9	90.7
Zm00001d011134	1	mu1041750	UFMu-04712	AP2	28	6	Zm00004b026898	One-to-One	no_change	NA	FALSE	0	NA	NA	NA	NA	NA		1.7	0.1	0.1	0.0	0.0	0.1	3.3	0.3	0.1	0.4	0.1	0.2	3.3
Zm00001d011187	1	mu1078575	UFMu-08896	bHLH	190	37	Zm00004b026942	One-to-One	no_change	NA	FALSE	0	NA	NA	NA	NA	NA		3.4	0.0	0.0	6.5	1.2	4.3	2.3	0.0	0.1	11.1	1.5	6.5	6.5
Zm00001d011223	1	mu1042346	UFMu-04889	C2H2	132	31	Zm00004b026973	One-to-One	moderate	missense_variant	FALSE	1	1	acti	92.57446808510637	2	6	liu2017,wang2018	8.6	0.1	32.4	6.4	29.2	15.9	1.6	0.1	34.4	10.6	26.0	11.3	34.4
Zm00001d011252	1	mu1093204	UFMu-11297	MYB_related	109	22	Zm00004b026999	One-to-One	moderate	missense_variant	FALSE	1	1	acti	58.77333333333333	2	5	liu2017,wang2018	20.4	16.4	34.0	17.5	20.6	15.8	17.9	11.4	25.8	17.9	19.0	12.5	25.8
Zm00001d011355	1	mu1078582	UFMu-09029	C3H	55	13	Zm00004b027091	One-to-One	high	frameshift_variant	FALSE	0	NA	NA	NA	NA	NA		49.2	31.9	33.4	32.8	46.2	50.1	57.5	49.7	46.9	35.1	59.0	55.2	59.0
Zm00001d011527	1	mu1057837	UFMu-07178	WRKY	121	30	Zm00004b027223	One-to-One	low	splice_region_variant	FALSE	7	1	acti	NA	NA	NA		0.5	0.1	21.5	0.6	6.4	2.7	0.2	0.0	8.5	5.3	6.7	1.8	8.5
Zm00001d011571	3	mu1016246|mu1045880|mu1070540	UFMu-01243|UFMu-05381|UFMu-02510	Trihelix	46	11	Zm00004b027254	One-to-One	moderate	missense_variant	FALSE	0	NA	NA	NA	NA	NA		6.0	1.4	10.5	7.5	5.1	3.7	3.7	0.8	8.2	4.6	4.0	2.7	8.2
Zm00001d011597	1	mu1054391	UFMu-07008	E2F/DP	19	4	Zm00004b027274	One-to-One	moderate	missense_variant	FALSE	1	1	acti	NA	NA	NA		22.2	0.9	1.2	0.5	1.1	3.2	18.0	0.2	1.7	0.2	0.9	2.9	2.9
Zm00001d011712	1	mu1078605	UFMu-09010	B3	45	7	Zm00004b027375	One-to-One	non-syntenic	stop_retained_variant	FALSE	0	NA	NA	NA	NA	NA		309.3	5.1	0.1	0.0	0.2	0.4	405.6	5.0	0.0	0.0	0.3	0.5	5.0
Zm00001d011730	3	mu1049601|mu1054405|mu1095412	UFMu-06119|UFMu-06690|UFMu-11223	Trihelix	46	12	Zm00004b027391	One-to-One	moderate	missense_variant	FALSE	0	NA	NA	NA	NA	NA		5.6	4.3	9.6	6.1	6.1	3.9	5.2	1.9	4.6	6.9	5.4	4.7	6.9
Zm00001d011748	2	mu1057858|mu1093251	UFMu-07410|UFMu-11976	MIKC_MADS	42	8	Zm00004b027415	One-to-One	non-syntenic	splice_region_variant	FALSE	0	NA	NA	NA	NA	NA		28.6	0.3	0.0	0.7	0.4	1.2	8.5	0.1	0.0	0.0	0.5	1.3	8.5
Zm00001d011785	1	mu1061016	UFMu-07873	G2-like	61	9	Zm00004b027449	One-to-One	no_change	NA	FALSE	18	0.2222222222222222	mix	NA	NA	NA		0.9	0.4	0.8	0.1	0.1	0.1	0.1	0.3	0.3	0.2	0.1	0.0	0.3
Zm00001d011843	1	mu1029983	UFMu-03053	SRS	9	2	Zm00004b027506	One-to-One	moderate	disruptive_inframe_insertion	FALSE	0	NA	NA	NA	NA	NA		14.0	0.3	4.4	0.6	6.8	2.5	10.7	0.1	0.8	0.4	4.6	2.6	4.6
Zm00001d011953	1	mu1078636	UFMu-09051	ARF	36	7	Zm00004b027598	One-to-One	high	splice_donor_variant	FALSE	0	NA	NA	NA	NA	NA		286.7	74.7	266.1	58.7	74.3	64.5	295.1	84.8	184.4	36.9	74.7	57.7	84.8
Zm00001d011969	1	mu1054430	UFMu-06583	NAC	126	28	Zm00004b027610	One-to-One	moderate	disruptive_inframe_insertion	FALSE	3	1	acti	NA	NA	NA		5.8	6.5	18.5	23.1	20.1	20.0	9.8	13.7	6.7	21.1	21.6	16.5	9.8
Zm00001d012094	3	mu1045905|mu1045905|mu1075242	UFMu-05650|UFMu-06435|UFMu-05650	C2H2	132	33	NA	NA	high	frameshift_variant	FALSE	0	NA	NA	NA	NA	NA		0.0	0.0	0.0	0.0	0.0	0.0	0.0	0.0	0.0	0.0	0.0	0.0	0.0
Zm00001d012273	2	mu1039958|mu1041802	UFMu-03706|UFMu-04347	bZIP	128	18	Zm00004b027848	One-to-One	modifier	intron_variant	FALSE	0	NA	NA	NA	NA	NA		10.1	11.0	32.1	9.0	9.1	7.3	11.8	10.8	21.8	12.0	12.2	8.9	8.9
Zm00001d012294	1	mu1049661	UFMu-06477	bZIP	128	19	Zm00004b027868	One-to-Many	high	frameshift_variant	FALSE	0	NA	NA	NA	NA	NA		0.9	0.0	6.7	3.7	28.7	1.5	2.6	0.0	2.7	1.6	11.9	0.4	2.7
Zm00001d012337	1	mu1072393	UFMu-02112	MYB	163	33	Zm00004b027896	One-to-One	moderate	missense_variant	FALSE	0	NA	NA	NA	NA	NA		9.0	0.1	7.2	1.6	5.3	24.7	4.6	0.1	4.6	9.3	4.9	14.8	9.3
Zm00001d012379	2	mu1016339|mu1029851	UFMu-01869,UFMu-02484,UFMu-03657|UFMu-02484	MYB	163	34	Zm00004b027920	One-to-One	moderate	missense_variant	FALSE	0	NA	NA	NA	NA	NA		21.6	13.4	12.9	9.7	12.9	11.3	22.8	13.9	11.3	13.0	10.9	8.4	8.4
Zm00001d012419	2	mu1068589|mu1073523	UFMu-08301|UFMu-03526	WOX	19	7	Zm00004b027948	One-to-One	non-syntenic	conservative_inframe_insertion	FALSE	0	NA	NA	NA	NA	NA		0.8	1.8	0.0	0.0	0.0	0.0	0.7	4.6	0.1	0.0	0.0	0.0	4.6
Zm00001d012527	2	mu1072049|mu1081917	UFMu-01872|UFMu-09511	NAC	126	29	Zm00004b028054	One-to-One	moderate	missense_variant	FALSE	64	0.9895833333333334	acti	NA	NA	NA		0.8	10.1	23.4	2.1	7.0	3.1	1.6	3.6	86.9	2.2	9.0	7.3	9.0
Zm00001d012734	2	mu1027642|mu1033060	UFMu-07653|UFMu-02864	VOZ	5	1	Zm00004b028235	One-to-One	high	frameshift_variant	FALSE	0	NA	NA	NA	NA	NA		25.1	0.8	40.8	8.4	14.6	13.5	18.0	1.0	25.3	9.9	15.8	16.2	9.9
Zm00001d013070	1	mu1060203	UFMu-08218,UFMu-10850	MYB	163	36	Zm00004b011070	One-to-One	high	splice_acceptor_variant	FALSE	0	NA	NA	NA	NA	NA		0.0	0.0	0.0	0.0	0.0	0.0	0.0	0.0	0.0	0.5	0.0	1.0	1.0
Zm00001d013119	2	mu1039067|mu1053544	UFMu-03258|UFMu-06801	TCP	42	11	Zm00004b011119	One-to-One	moderate	conservative_inframe_insertion	FALSE	0	NA	NA	NA	NA	NA		1.5	1.4	0.4	3.4	1.6	2.4	2.2	1.4	0.2	5.4	0.4	2.3	5.4
Zm00001d013200	1	mu1092020	UFMu-11569	Dof	45	9	Zm00004b011189	One-to-One	moderate	missense_variant	FALSE	0	NA	NA	NA	NA	NA		1.3	0.0	0.0	0.0	0.3	0.0	1.5	0.0	0.0	0.1	0.6	0.1	1.5
Zm00001d013307	1	mu1083815	UFMu-10393	WRKY	121	37	Zm00004b011280	One-to-One	moderate	missense_variant	FALSE	0	NA	NA	NA	NA	NA		39.2	34.8	28.4	5.9	19.5	18.8	23.2	23.5	14.9	7.4	20.6	12.6	7.4
Zm00001d013385	5	mu1015453|mu1053676|mu1067848|mu1074844|mu1085004	UFMu-01946|UFMu-06545|UFMu-08536|UFMu-04148|UFMu-10404	GRAS	81	16	Zm00004b011336	One-to-One	moderate	missense_variant	FALSE	0	NA	NA	NA	NA	NA		4.3	0.1	13.3	0.5	3.0	4.1	8.7	0.3	1.9	1.0	2.2	3.2	8.7
Zm00001d013451	5	mu1005604|mu1038776|mu1048352|mu1056733|mu1077542	UFMu-00386|UFMu-04097|UFMu-06526|UFMu-07363|UFMu-08995	GeBP	20	4	Zm00004b011398	One-to-One	low	synonymous_variant	FALSE	70	1	acti	NA	NA	NA		8.5	4.6	14.3	7.0	9.9	10.6	11.2	7.1	16.6	11.5	12.1	9.3	9.3
Zm00001d013465	4	mu1048355|mu1059960|mu1077544|mu1079663	UFMu-06503|UFMu-07690|UFMu-09282|UFMu-08940,UFMu-12263	GRAS	81	17	Zm00004b011408	One-to-One	moderate	missense_variant	FALSE	5	1	acti	7.002801120448179	1	6	li2013	5.2	3.8	30.9	10.3	19.1	14.5	36.2	4.2	31.0	31.3	20.4	16.8	4.2
Zm00001d013497	1	mu1053258	UFMu-06959	C3H	55	16	Zm00004b011435	One-to-One	moderate	missense_variant	FALSE	0	NA	NA	NA	NA	NA		7.5	7.0	41.5	13.3	23.4	10.6	12.5	8.4	59.0	15.6	26.4	8.8	8.8
Zm00001d013676	1	mu1060016	UFMu-07768	NF-YA	13	4	Zm00004b011594	One-to-One	moderate	missense_variant	FALSE	1	1	acti	NA	NA	NA		16.2	1.5	15.2	8.1	5.8	5.3	18.9	8.0	5.9	8.5	5.5	5.2	8.5
Zm00001d013709	1	mu1079691	UFMu-08991,UFMu-11210	WRKY	121	39	Zm00004b011623	One-to-One	moderate	missense_variant	FALSE	0	NA	NA	NA	NA	NA		9.1	2.5	30.2	6.7	15.2	8.4	5.7	0.9	21.6	4.1	8.8	4.2	8.8
Zm00001d013777	2	mu1091739|mu1091740	UFMu-11240|UFMu-11256	MYB_related	109	29	Zm00004b011680	One-to-One	high	frameshift_variant	FALSE	239	0.8410041841004184	acti	NA	NA	NA		579.3	228.8	202.7	178.0	418.6	437.5	395.9	174.5	126.2	146.1	363.5	412.3	412.3
Zm00001d013827	1	mu1053434	UFMu-06547	MYB_related	109	30	Zm00004b011732,Zm00004b011733	Many-to-One	moderate	missense_variant	FALSE	2	1	acti	NA	NA	NA		21.1	17.4	21.1	19.6	20.5	27.7	24.7	19.3	24.6	17.6	21.4	23.9	24.7
Zm00001d014013	2	mu1042858|mu1077786	UFMu-05295|UFMu-09066	ARF	36	9	Zm00004b011881	One-to-One	moderate	missense_variant	FALSE	0	NA	NA	NA	NA	NA		82.2	15.4	77.2	18.9	31.8	31.4	53.1	18.0	68.3	41.0	35.6	33.3	68.3
Zm00001d014132	1	mu1053509	UFMu-06852	E2F/DP	19	5	Zm00004b011993	One-to-One	moderate	missense_variant	FALSE	0	NA	NA	NA	NA	NA		2.2	1.0	2.9	1.5	3.7	1.0	5.4	2.7	5.0	3.2	5.3	2.1	5.4
Zm00001d014378	1	mu1086679	UFMu-11079,UFMu-11187	C3H	55	17	Zm00004b012182	One-to-Many	modifier	intron_variant	FALSE	0	NA	NA	NA	NA	NA		27.0	14.7	32.0	13.7	19.8	19.2	25.1	14.7	32.0	17.7	23.6	17.6	32.0
Zm00001d014507	1	mu1069604	UFMu-08427	ARF	36	11	Zm00004b012273	One-to-One	high	frameshift_variant	FALSE	0	NA	NA	NA	NA	NA		9.6	22.6	28.3	29.8	18.3	31.1	11.4	34.1	29.8	51.7	17.6	27.6	51.7
Zm00001d014690	1	mu1048693	UFMu-06250	ARF	36	12	Zm00004b012417	One-to-One	high	splice_acceptor_variant	FALSE	1	1	acti	NA	NA	NA		23.0	12.1	114.1	17.1	168.1	21.9	20.1	0.5	45.0	18.9	134.3	15.9	45.0
Zm00001d014795	1	mu1042813	UFMu-04889	bZIP	128	26	Zm00004b012518	One-to-One	moderate	missense_variant	FALSE	0	NA	NA	NA	NA	NA		18.8	14.4	41.1	26.4	27.9	38.3	17.9	15.1	23.8	26.1	21.5	35.1	35.1
Zm00001d014814	4	mu1034966|mu1048707|mu1060260|mu1092026	UFMu-03509|UFMu-06181|UFMu-07758|UFMu-11199	bHLH	190	47	Zm00004b012532	One-to-One	no_change	NA	FALSE	10	1	acti	NA	NA	NA		0.0	0.0	0.0	0.0	0.0	0.0	0.0	0.0	0.0	0.0	0.0	0.0	0.0
Zm00001d014863	1	mu1048715	UFMu-06481	MYB_related	109	32	Zm00004b012567	One-to-One	moderate	missense_variant	FALSE	56	0.32142857142857145	mix	NA	NA	NA		39.2	14.9	54.2	39.1	37.9	47.5	89.6	44.3	93.7	52.9	44.3	67.0	93.7
Zm00001d015118	1	mu1053617	UFMu-06537	bZIP	128	27	Zm00004b012784	One-to-Many	no_change	NA	FALSE	0	NA	NA	NA	NA	NA		4.5	5.7	9.5	16.2	8.7	16.7	3.1	1.6	6.2	21.2	9.0	19.4	9.0
Zm00001d015127	1	mu1092086	UFMu-11153	NA	NA	NA	Zm00004b012791	One-to-One	modifier	intron_variant	TRUE	0	NA	NA	NA	NA	NA		47.9	12.5	28.6	23.5	17.1	23.2	44.5	3.3	20.7	20.0	14.0	21.5	44.5
Zm00001d015201	1	mu1018800	UFMu-01175	Nin-like	17	6	Zm00004b012831	One-to-One	moderate	missense_variant	FALSE	25	0.52	mix	NA	NA	NA		13.1	3.7	10.0	1.2	27.2	9.7	10.9	2.2	5.4	5.1	20.8	7.7	7.7
Zm00001d015233	1	mu1041439	UFMu-04299	SBP	30	10	Zm00004b012866	One-to-One	moderate	missense_variant	FALSE	0	NA	NA	NA	NA	NA		5.7	6.8	70.6	43.0	12.0	15.2	6.2	10.4	45.1	63.2	10.4	12.3	63.2
Zm00001d015412	1	mu1083820	UFMu-10402	Trihelix	46	15	Zm00004b012995	One-to-One	moderate	missense_variant	FALSE	0	NA	NA	15.625	2	8	li2013,wang2018	6.3	2.0	5.8	3.4	1.6	1.6	5.8	2.7	3.1	4.2	1.5	1.8	5.8
Zm00001d015743	1	mu1073987	UFMu-04510	bZIP	128	31	Zm00004b013218	One-to-One	low	synonymous_variant	FALSE	90	0.7777777777777778	mix	NA	NA	NA		1.0	0.2	2.0	36.7	0.0	44.9	6.7	0.0	5.0	4.1	0.3	65.2	65.2
Zm00001d016052	2	mu1025953|mu1034846	UFMu-11813|UFMu-03320	WRKY	121	41	Zm00004b013450	One-to-One	moderate	missense_variant	FALSE	1	1	acti	NA	NA	NA		5.8	0.5	1.4	2.1	4.5	4.1	6.9	0.6	1.2	1.7	3.3	3.5	6.9
Zm00001d016154	1	mu1038804	UFMu-03763	bZIP	128	34	Zm00004b013523	One-to-One	moderate	missense_variant	FALSE	60	1	acti	9.110396570203644	1	9	li2013	0.6	0.0	0.0	0.0	35.3	19.8	0.2	0.0	0.0	0.3	28.1	28.0	28.1
Zm00001d016255	1	mu1086526	UFMu-10749	HSF	29	7	Zm00004b013608	One-to-One	modifier	5_prime_UTR_variant	FALSE	143	0.9533799533799534	acti	7.414571244358479	1	12	li2013	12.1	1.2	1.8	4.4	8.8	8.2	94.6	4.6	7.9	3.0	20.9	23.3	94.6
Zm00001d016298	2	mu1027488|mu1056770	UFMu-09399,UFMu-14002|UFMu-07586	TALE	28	8	Zm00004b013644	One-to-One	no_change	NA	FALSE	2	1	acti	NA	NA	NA		67.1	1.2	0.6	1.9	2.1	12.2	57.9	5.6	0.3	0.4	1.3	10.0	57.9
Zm00001d016520	2	mu1023451|mu1083642	UFMu-02314|UFMu-10398	HSF	29	8	Zm00004b013825	One-to-One	modifier	intron_variant	FALSE	0	NA	NA	NA	NA	NA		18.1	7.2	39.3	20.7	27.6	14.3	24.6	8.5	37.4	41.2	31.8	15.6	8.5
Zm00001d016604	1	mu1048417	UFMu-06420	Trihelix	46	17	Zm00004b013894	One-to-One	moderate	missense_variant	FALSE	0	NA	NA	NA	NA	NA		5.4	11.0	14.6	15.7	24.2	14.8	6.5	11.8	21.2	19.5	29.7	17.8	6.5
Zm00001d016674	2	mu1048425|mu1056797	UFMu-06347|UFMu-07611	HSF	29	9	Zm00004b013941	One-to-One	moderate	disruptive_inframe_deletion	FALSE	31	0.8064516129032258	acti	NA	NA	NA		4.4	2.3	3.5	2.1	0.9	2.4	0.6	0.7	5.0	0.8	0.7	0.7	5.0
Zm00001d016772	1	mu1038857	UFMu-03865	FAR1	14	1	Zm00004b014028	One-to-One	modifier	intron_variant	FALSE	53	0.949685534591195	acti	NA	NA	NA		4.4	12.6	22.6	11.9	14.2	5.4	6.4	10.8	17.4	14.1	15.7	4.9	6.4
Zm00001d016784	2	mu1027682|mu1069535	UFMu-07303|UFMu-08328	MYB_related	109	35	Zm00004b014033	One-to-One	moderate	conservative_inframe_insertion	FALSE	0	NA	NA	NA	NA	NA		19.5	21.9	32.9	15.0	17.8	13.7	21.8	19.9	32.9	21.6	22.8	13.5	32.9
Zm00001d016873	2	mu1008506|mu1042964	UFMu-00148|UFMu-05224	bHLH	190	52	Zm00004b014115	One-to-One	moderate	missense_variant	FALSE	0	NA	NA	NA	NA	NA		29.3	22.7	9.7	14.0	1.6	2.3	58.3	33.6	38.6	22.5	28.7	20.9	58.3
Zm00001d016876	2	mu1009043|mu1072302	UFMu-00514|UFMu-02178,UFMu-09198	Trihelix	46	19	Zm00004b014117	One-to-One	high	frameshift_variant	FALSE	2	1	acti	NA	NA	NA		4.0	4.1	4.9	3.2	3.5	2.7	7.4	6.0	7.7	4.9	4.3	3.7	7.7
Zm00001d016911	9	mu1015092|mu1015093|mu1015093|mu1021380|mu1038871|mu1053338|mu1060031|mu1077642|mu1084904	UFMu-01862|UFMu-01903,UFMu-02628,UFMu-03463,UFMu-03818,UFMu-05142|UFMu-09430,UFMu-10953,UFMu-11144,UFMu-12044,UFMu-13137,UFMu-13481|UFMu-01595,UFMu-02852|UFMu-03424|UFMu-06675|UFMu-07726|UFMu-08900|UFMu-10550	C2H2	132	44	Zm00004b014144	One-to-One	moderate	missense_variant	FALSE	0	NA	NA	NA	NA	NA		19.1	12.0	42.5	19.0	49.5	25.8	26.6	26.1	53.1	27.6	50.4	30.6	53.1
Zm00001d016924	1	mu1067549	UFMu-08662	EIL	9	3	Zm00004b014155	One-to-One	moderate	missense_variant	FALSE	0	NA	NA	NA	NA	NA		0.0	0.0	0.0	0.0	0.0	1.6	0.9	0.0	0.0	0.0	0.0	0.3	0.9
Zm00001d017112	1	mu1050963	UFMu-06089	B3	45	11	Zm00004b014291	One-to-One	high	stop_gained	FALSE	1	1	acti	NA	NA	NA		3.2	10.0	65.6	7.7	32.5	6.8	20.9	27.8	45.0	41.8	37.8	14.8	45.0
Zm00001d017129	1	mu1042956	UFMu-04896	GRAS	81	19	Zm00004b014303	One-to-One	modifier	3_prime_UTR_variant	FALSE	0	NA	NA	NA	NA	NA		6.6	18.4	17.8	17.2	14.4	17.6	8.9	20.7	6.4	25.1	15.4	16.6	8.9
Zm00001d017147	3	mu1015131|mu1083666|mu1086578	UFMu-01880|UFMu-10036|UFMu-10782	DBB	14	5	Zm00004b014318	One-to-One	high	frameshift_variant	FALSE	21	0.7777777777777778	mix	NA	NA	NA		3.9	0.3	123.6	110.4	39.8	145.3	11.1	2.9	118.1	88.2	53.9	149.0	88.2
Zm00001d017176	1	mu1091695	UFMu-11276	DBB	14	6	Zm00004b014341	One-to-One	low	synonymous_variant	FALSE	18	1	acti	NA	NA	NA		67.6	3.0	7.9	43.3	11.7	50.8	66.5	5.8	13.6	57.7	21.4	45.3	66.5
Zm00001d017366	1	mu1022379	UFMu-02189	ERF	177	44	Zm00004b014507	One-to-One	no_change	NA	FALSE	1	1	acti	NA	NA	NA		0.6	0.1	5.3	0.6	3.5	0.3	1.3	0.4	138.5	1.4	10.3	0.3	138.5
Zm00001d017383	1	mu1034730	UFMu-03389	MYB	163	46	Zm00004b014520	One-to-One	non-syntenic	missense_variant	FALSE	1	1	acti	NA	NA	NA		2.5	6.4	1.3	1.0	9.6	2.3	3.7	9.5	0.8	1.6	8.9	2.0	9.5
Zm00001d017409	5	mu1033775|mu1034922|mu1048486|mu1060063|mu1077666	UFMu-03169|UFMu-03455|UFMu-05984|UFMu-08218,UFMu-11246|UFMu-09182,UFMu-11038	GATA	36	13	Zm00004b014547	One-to-One	moderate	missense_variant	FALSE	0	NA	NA	NA	NA	NA		9.7	1.2	31.4	8.0	8.2	19.2	11.7	11.6	22.0	9.7	8.8	15.8	9.7
Zm00001d017420	1	mu1030109	UFMu-02809	Trihelix	46	20	Zm00004b014557	One-to-One	moderate	conservative_inframe_deletion	FALSE	0	NA	NA	NA	NA	NA		22.5	19.0	17.7	2.1	2.5	8.3	41.5	17.4	5.8	3.2	2.3	8.2	8.2
Zm00001d017480	1	mu1091729	UFMu-12278	ERF	177	49	Zm00004b014607	One-to-One	no_change	NA	FALSE	1	1	acti	NA	NA	NA		0.5	0.4	0.7	10.9	1.6	2.5	1.4	0.0	0.3	5.9	2.5	4.0	5.9
Zm00001d017513	3	mu1049653|mu1049654|mu1078654	UFMu-06297|UFMu-06482|UFMu-09170	GRAS	81	20	Zm00004b014634	One-to-One	moderate	conservative_inframe_insertion	FALSE	0	NA	NA	NA	NA	NA		7.3	1.2	0.9	4.4	7.0	6.5	8.7	5.0	2.7	6.6	8.5	8.0	8.7
Zm00001d017602	2	mu1035889|mu1035889	UFMu-03526|UFMu-09477	GRF	15	6	Zm00004b014708	One-to-One	moderate	missense_variant	FALSE	2	1	acti	NA	NA	NA		18.4	8.7	0.0	0.0	0.8	4.7	17.7	1.1	0.0	0.4	0.6	3.0	3.0
Zm00001d017618	1	mu1006942	UFMu-00514,UFMu-01180,UFMu-03171,UFMu-03654,UFMu-07749	B3	45	12	Zm00004b014724	One-to-One	moderate	disruptive_inframe_deletion	FALSE	0	NA	NA	NA	NA	NA		0.4	0.0	0.3	0.6	0.3	1.1	0.3	0.0	0.3	1.0	1.5	1.3	1.5
Zm00001d017726	2	mu1041334|mu1091761	UFMu-04314|UFMu-11939	G2-like	61	17	Zm00004b014823	One-to-One	high	frameshift_variant	FALSE	0	NA	NA	NA	NA	NA		7.0	0.0	5.8	5.1	28.6	6.7	26.5	0.1	5.8	4.1	23.2	4.7	5.8
Zm00001d017742	3	mu1053392|mu1071203|mu1083682	UFMu-06720|UFMu-02772|UFMu-10448	GRF	15	7	Zm00004b014844	One-to-One	moderate	missense_variant	FALSE	5	1	acti	NA	NA	NA		53.7	0.1	1.7	1.0	0.0	7.8	128.6	1.0	1.1	0.5	0.1	6.1	6.1
Zm00001d017784	2	mu1029281|mu1091776	UFMu-03628,UFMu-06364,UFMu-07139,UFMu-10541|UFMu-11277	ZF-HD	21	6	Zm00004b014876	One-to-One	no_change	NA	FALSE	1	1	acti	191.3972602739726	1	8	wang2018	11.2	0.0	0.7	1.4	0.7	5.0	12.2	0.0	0.4	1.8	0.3	3.9	3.9
Zm00001d018081	5	mu1019939|mu1048539|mu1067639|mu1075744|mu1084929	UFMu-00876|UFMu-06408|UFMu-08487|UFMu-08487|UFMu-10380	ERF	177	52	Zm00004b015147	One-to-One	non-syntenic	NA	FALSE	0	NA	NA	NA	NA	NA		31.2	40.2	129.5	126.1	106.9	112.8	109.5	49.1	214.7	49.7	92.1	60.9	92.1
Zm00001d018158	1	mu1081416	UFMu-09903	ERF	177	53	Zm00004b015205	One-to-One	non-syntenic	NA	FALSE	1	1	acti	NA	NA	NA		0.2	0.0	0.4	0.0	0.1	0.0	0.9	0.0	1.0	0.0	0.0	0.0	1.0
Zm00001d018178	2	mu1041361|mu1067645	UFMu-04595|UFMu-08588	bZIP	128	37	Zm00004b015211	One-to-One	non-syntenic	missense_variant	FALSE	56	1	acti	NA	NA	NA		7.5	5.3	27.2	20.5	9.2	12.1	38.2	4.5	110.4	60.8	18.1	15.4	60.8
Zm00001d018198	1	mu1041363	UFMu-04603	GeBP	20	5	Zm00004b015230	One-to-One	moderate	missense_variant	FALSE	0	NA	NA	NA	NA	NA		1.7	0.5	2.0	1.4	3.2	1.6	2.7	0.1	1.3	1.0	3.3	1.6	3.3
Zm00001d018208	1	mu1067648	UFMu-08571	GeBP	20	6	Zm00004b015242	One-to-One	moderate	missense_variant	FALSE	9	1	acti	NA	NA	NA		79.2	64.6	29.8	27.5	39.7	50.2	53.4	28.3	20.7	23.8	23.5	30.6	53.4
Zm00001d018225	1	mu1086630	UFMu-11081	HD-ZIP	60	19	Zm00004b015254	One-to-One	no_change	NA	FALSE	11	1	acti	NA	NA	NA		9.4	0.0	0.0	0.5	0.5	22.8	5.2	0.0	0.0	1.0	0.6	26.5	5.2
Zm00001d018421	1	mu1081431	UFMu-09986	GATA	36	14	Zm00004b015422	One-to-One	moderate	disruptive_inframe_insertion	FALSE	7	1	acti	NA	NA	NA		9.0	29.1	111.4	35.2	42.9	47.4	33.2	34.7	82.6	87.2	47.6	38.8	87.2
Zm00001d018435	1	mu1091871	UFMu-11355	NAC	126	40	Zm00004b015432	One-to-One	no_change	NA	FALSE	5	1	acti	NA	NA	NA		1.2	0.0	0.4	1.2	8.1	2.4	4.4	2.7	12.8	12.7	13.8	7.1	7.1
Zm00001d018571	1	mu1083727	UFMu-10004	bZIP	128	38	Zm00004b015550	One-to-One	modifier	5_prime_UTR_variant	FALSE	0	NA	NA	NA	NA	NA		8.7	1.6	24.7	28.3	19.9	33.8	12.2	4.3	29.0	29.5	20.9	39.2	4.3
Zm00001d018605	1	mu1054215	UFMu-06686	C2H2	132	47	Zm00004b034637	One-to-One	no_change	NA	FALSE	4	1	acti	NA	NA	NA		0.4	0.0	1.6	0.0	12.1	0.4	0.1	0.0	1.8	0.0	17.9	0.3	17.9
Zm00001d018656	1	mu1045781	UFMu-05440	WRKY	121	44	Zm00004b034679	One-to-One	modifier	intron_variant	FALSE	0	NA	NA	NA	NA	NA		1.2	0.5	4.1	0.8	3.8	2.5	0.7	0.6	5.7	0.7	5.0	2.5	5.7
Zm00001d018667	1	mu1016015	UFMu-02309	MIKC_MADS	42	14	Zm00004b034685	One-to-One	moderate	missense_variant	FALSE	1	1	acti	NA	NA	NA		0.3	0.0	89.1	0.0	0.0	0.0	1.0	0.0	51.6	0.0	0.0	0.0	51.6
Zm00001d018702	1	mu1068374	UFMu-08750	NAC	126	41	Zm00004b034713	One-to-One	moderate	missense_variant	FALSE	0	NA	NA	NA	NA	NA		0.0	0.1	0.0	0.0	0.0	0.0	0.0	0.0	0.0	0.0	0.0	0.0	0.0
Zm00001d018729	1	mu1060835	UFMu-07744	bZIP	128	39	Zm00004b034735	One-to-One	moderate	conservative_inframe_deletion	FALSE	0	NA	NA	NA	NA	NA		0.0	0.0	0.2	0.0	0.0	0.0	0.7	0.0	6.5	0.1	0.0	0.0	6.5
Zm00001d019166	1	mu1060813	UFMu-08183	bZIP	128	41	Zm00004b035081	One-to-One	moderate	missense_variant	FALSE	0	NA	NA	NA	NA	NA		28.6	39.7	26.6	13.4	13.8	18.6	33.5	33.2	24.4	14.9	15.2	17.5	33.5
Zm00001d019230	3	mu1017078|mu1060820|mu1060820	UFMu-01006,UFMu-01650,UFMu-02651,UFMu-03691|UFMu-08181|UFMu-11328	AP2	28	9	Zm00004b035135	One-to-One	non-syntenic	splice_donor_variant	FALSE	0	NA	NA	9.73393900064893	1	7	wang2018	14.0	4.6	3.4	1.4	18.1	12.6	10.4	3.1	0.7	3.4	27.5	23.1	3.4
Zm00001d020019	1	mu1018759	UFMu-00943	G2-like	61	20	Zm00004b035645	One-to-One	moderate	missense_variant	FALSE	3	0.3333333333333333	mix	72.31884057971014	3	12	li2013,liu2017,wang2018	58.2	14.7	26.8	15.1	37.3	22.6	55.5	11.0	38.1	17.4	41.1	23.9	55.5
Zm00001d020046	1	mu1045807	UFMu-05761	HB-other	21	12	Zm00004b035670,Zm00004b035671	Many-to-One	moderate	missense_variant	FALSE	0	NA	NA	NA	NA	NA		47.6	31.7	48.7	22.5	34.8	26.2	47.3	39.3	22.6	21.8	34.3	27.0	47.3
Zm00001d020137	1	mu1081827	UFMu-09752	WRKY	121	46	Zm00004b035725	One-to-One	moderate	conservative_inframe_deletion	FALSE	47	0.9858156028368794	acti	NA	NA	NA		1.4	0.0	67.6	21.9	6.2	9.9	2.9	0.3	107.1	8.1	3.3	2.8	8.1
Zm00001d020242	2	mu1054275|mu1068435	UFMu-06756|UFMu-08536	C3H	55	22	Zm00004b035789	One-to-One	moderate	missense_variant	FALSE	0	NA	NA	NA	NA	NA		46.7	30.9	45.2	21.9	36.4	29.8	31.3	24.1	24.5	19.9	39.4	27.2	39.4
Zm00001d020267	2	mu1031098|mu1039484	UFMu-02606|UFMu-03781	ERF	177	65	Zm00004b035808	One-to-One	moderate	missense_variant	FALSE	3	1	acti	NA	NA	NA		39.8	8.7	33.6	22.1	57.0	40.9	71.9	19.2	57.0	38.8	49.2	28.9	71.9
Zm00001d020595	3	mu1023396|mu1054007|mu1071977	UFMu-02860|UFMu-06592|UFMu-02201	ERF	177	66	Zm00004b036080	One-to-One	moderate	disruptive_inframe_deletion	FALSE	2	0	mix	NA	NA	NA		22.7	14.1	310.0	21.4	155.7	40.6	75.4	9.0	176.9	393.1	166.8	38.7	9.0
Zm00001d020670	2	mu1054014|mu1068191	UFMu-06601|UFMu-08828	HD-ZIP	60	20	Zm00004b036145	One-to-One	moderate	missense_variant	FALSE	0	NA	NA	NA	NA	NA		3.3	0.3	22.0	15.5	4.9	11.2	6.3	0.3	15.3	9.9	3.8	15.8	9.9
Zm00001d020688	1	mu1092653	UFMu-12357	GeBP	20	7	Zm00004b036159	One-to-One	moderate	missense_variant	FALSE	0	NA	NA	NA	NA	NA		13.3	6.3	13.8	4.0	17.4	6.6	10.1	9.8	10.0	6.5	17.6	5.7	9.8
Zm00001d020826	1	mu1074866	UFMu-03795	bHLH	190	68	Zm00004b036270	One-to-One	high	splice_donor_variant	FALSE	0	NA	NA	NA	NA	NA		2.7	18.5	16.6	9.8	39.3	7.7	2.0	38.1	5.0	22.5	45.7	12.2	5.0
Zm00001d020834	2	mu1035505|mu1083984	UFMu-03451|UFMu-10192	bHLH	190	69	Zm00004b036281	One-to-One	high	frameshift_variant	FALSE	0	NA	NA	NA	NA	NA		46.9	38.2	57.0	54.2	65.8	51.6	70.6	47.8	102.9	90.7	83.6	51.4	90.7
Zm00001d020837	1	mu1054023	UFMu-06571	Dof	45	15	Zm00004b036285	One-to-One	no_change	NA	FALSE	0	NA	NA	NA	NA	NA		2.0	0.0	9.2	5.7	3.7	2.6	2.1	0.0	8.3	6.8	2.9	2.1	8.3
Zm00001d020881	1	mu1049170	UFMu-05989	WRKY	121	49	Zm00004b036316	One-to-One	moderate	missense_variant	FALSE	0	NA	NA	14.267990074441686	1	7	li2013	12.7	0.7	64.3	12.1	26.8	12.8	11.4	0.6	40.1	8.3	29.4	8.6	8.6
Zm00001d020932	1	mu1054031	UFMu-06539	bHLH	190	70	Zm00004b036351	One-to-One	low	splice_region_variant	FALSE	0	NA	NA	NA	NA	NA		0.8	0.0	5.2	9.0	10.8	7.8	0.9	0.0	2.3	6.9	13.2	6.7	6.9
Zm00001d020947	4	mu1015808|mu1068211|mu1078265|mu1081704	UFMu-00725|UFMu-08589|UFMu-09182|UFMu-09544	MYB_related	109	46	NA	NA	non-syntenic	NA	FALSE	0	NA	NA	NA	NA	NA		20.9	8.8	35.4	16.6	14.6	11.6	15.7	14.7	34.4	25.7	20.5	9.7	9.7
Zm00001d020972	2	mu1015809|mu1042560	UFMu-02114|UFMu-05139	NAC	126	45	Zm00004b036384,Zm00004b036385	Many-to-One	high	frameshift_variant	FALSE	0	NA	NA	NA	NA	NA		14.7	14.5	81.0	29.0	36.3	14.1	19.6	18.0	64.8	45.2	47.3	20.5	64.8
Zm00001d021019	1	mu1054048	UFMu-06599	bHLH	190	71	Zm00004b036423	One-to-One	moderate	missense_variant	FALSE	0	NA	NA	NA	NA	NA		19.0	3.2	47.0	34.9	51.7	64.7	12.8	5.4	45.7	33.4	48.2	71.5	71.5
Zm00001d021236	1	mu1035810	UFMu-03333	HD-ZIP	60	22	Zm00004b036560	One-to-One	moderate	disruptive_inframe_deletion	FALSE	5	1	acti	NA	NA	NA		33.4	0.4	6.6	29.2	7.0	43.7	25.0	0.3	5.1	49.2	5.3	45.3	5.3
Zm00001d021263	2	mu1041620|mu1092731	UFMu-04635|UFMu-11273	HSF	29	12	Zm00004b036584	One-to-Many	no_change	NA	FALSE	63	0.9682539682539683	acti	NA	NA	NA		2.0	2.1	1.8	4.3	5.0	7.6	10.2	4.8	12.7	6.4	8.3	9.6	9.6
Zm00001d021290	1	mu1057532	UFMu-07232	SRS	9	5	Zm00004b036608	One-to-One	moderate	missense_variant	FALSE	0	NA	NA	NA	NA	NA		0.0	0.0	0.5	0.3	0.0	0.1	0.0	0.0	0.2	0.1	0.0	0.1	0.2
Zm00001d021362	1	mu1062031	UFMu-08371,UFMu-09019,UFMu-11253	GRF	15	8	Zm00004b036661	One-to-One	low	synonymous_variant	FALSE	0	NA	NA	NA	NA	NA		35.7	2.3	21.2	16.0	21.5	23.1	41.2	2.2	14.0	17.9	18.9	19.8	41.2
Zm00001d021389	1	mu1032195	UFMu-02510	Trihelix	46	21	Zm00004b036680	One-to-One	moderate	missense_variant	FALSE	0	NA	NA	NA	NA	NA		7.0	8.1	18.6	5.4	22.6	11.0	9.8	16.5	7.6	8.5	20.4	9.6	9.8
Zm00001d021403	1	mu1039567	UFMu-03778	C2H2	132	58	Zm00004b036694	One-to-One	high	frameshift_variant	FALSE	0	NA	NA	NA	NA	NA		12.6	3.2	7.6	13.3	21.8	49.8	9.8	2.3	1.2	9.5	23.7	27.1	9.8
Zm00001d021545	1	mu1049222	UFMu-06409	FAR1	14	4	Zm00004b036824	One-to-One	modifier	3_prime_UTR_variant	FALSE	0	NA	NA	NA	NA	NA		14.6	10.3	14.3	6.8	10.3	8.5	16.7	10.5	16.0	10.7	12.8	8.5	8.5
Zm00001d021748	3	mu1017573|mu1068276|mu1088057	UFMu-01040|UFMu-08693|UFMu-10680	bHLH	190	75	Zm00004b037010	One-to-One	moderate	conservative_inframe_deletion	FALSE	0	NA	NA	NA	NA	NA		42.2	14.8	40.9	21.4	31.8	28.6	12.4	4.5	15.0	19.8	23.0	20.2	4.5
Zm00001d021790	2	mu1034822|mu1084018	UFMu-03279|UFMu-10417	B3	45	13	Zm00004b037041	One-to-One	low	splice_region_variant	FALSE	0	NA	NA	NA	NA	NA		71.6	59.8	84.9	32.7	51.5	37.8	113.6	56.9	52.1	42.4	47.2	29.0	56.9
Zm00001d021826	3	mu1019721|mu1031242|mu1095277	UFMu-00644|UFMu-03075|UFMu-11274	GRAS	81	21	Zm00004b037067	One-to-Many	moderate	disruptive_inframe_insertion	FALSE	0	NA	NA	NA	NA	NA		0.6	0.0	2.5	0.8	0.4	0.9	1.1	0.2	2.0	0.9	0.3	0.9	2.0
Zm00001d021831	2	mu1007310|mu1057580	UFMu-00526,UFMu-06803|UFMu-07277	C3H	55	23	Zm00004b037076	One-to-One	moderate	missense_variant	FALSE	0	NA	NA	NA	NA	NA		17.2	7.0	36.6	12.5	18.0	12.2	22.3	10.3	47.4	17.6	20.3	11.5	47.4
Zm00001d021927	1	mu1092833	UFMu-13537	BES1	10	4	Zm00004b037145	One-to-One	moderate	missense_variant	FALSE	0	NA	NA	16.3265306122449	1	6	li2013	11.5	7.3	11.4	15.4	6.3	18.9	7.3	6.1	2.9	12.7	8.0	11.4	8.0
Zm00001d021932	6	mu1015911|mu1068290|mu1068291|mu1071389|mu1079953|mu1092834	UFMu-01252|UFMu-08535|UFMu-08535|UFMu-02900|UFMu-09147|UFMu-11966	C2H2	132	60	Zm00004b037149	One-to-One	moderate	missense_variant	FALSE	0	NA	NA	NA	NA	NA		9.9	13.1	18.6	22.2	11.8	21.0	16.0	17.2	15.2	14.9	11.4	21.9	21.9
Zm00001d021946	2	mu1050398|mu1092837	UFMu-06405|UFMu-12274	GRAS	81	22	Zm00004b037160	One-to-One	no_change	NA	FALSE	0	NA	NA	NA	NA	NA		18.2	7.5	45.6	8.4	1.4	1.4	62.1	16.1	71.4	2.7	2.2	1.2	71.4
Zm00001d021973	1	mu1015916	UFMu-01398	GRAS	81	23	Zm00004b037184	One-to-One	no_change	NA	FALSE	0	NA	NA	NA	NA	NA		6.0	0.1	0.1	0.3	15.0	5.4	6.5	0.0	0.7	0.3	11.8	5.1	6.5
Zm00001d022227	1	mu1092890	UFMu-13110	MYB	163	58	Zm00004b037388	One-to-One	moderate	missense_variant	FALSE	1	1	acti	NA	NA	NA		5.1	2.0	4.9	20.1	0.9	8.5	6.8	1.0	1.0	19.4	0.0	8.4	8.4
Zm00001d022266	1	mu1015940	UFMu-01251	GeBP	20	8	Zm00004b037422	One-to-One	low	synonymous_variant	FALSE	0	NA	NA	NA	NA	NA		2.3	1.2	1.5	1.0	3.3	1.5	3.2	1.5	1.8	2.2	3.8	2.6	3.8
Zm00001d022525	1	mu1018638	UFMu-01129	Dof	45	17	Zm00004b037623	One-to-One	moderate	conservative_inframe_insertion	FALSE	6	1	acti	NA	NA	NA		18.7	24.7	48.8	42.4	42.4	59.1	21.1	15.6	35.2	39.0	46.2	57.4	57.4
Zm00001d022526	1	mu1054179	UFMu-06871	G2-like	61	23	Zm00004b037624	One-to-One	moderate	disruptive_inframe_deletion	FALSE	1	1	acti	NA	NA	NA		2.4	0.2	30.4	4.7	16.6	6.7	4.0	0.1	12.6	7.8	14.9	4.7	7.8
Zm00001d022550	2	mu1042471|mu1092926	UFMu-04869|UFMu-11921	bZIP	128	49	Zm00004b037647	One-to-One	moderate	conservative_inframe_deletion	FALSE	0	NA	NA	NA	NA	NA		9.1	0.9	1.6	0.2	4.2	3.3	7.5	3.7	2.1	0.5	3.5	2.2	7.5
Zm00001d022628	1	mu1057638	UFMu-07137	MYB	163	60	Zm00004b037718	One-to-One	high	splice_donor_variant	FALSE	0	NA	NA	NA	NA	NA		5.3	4.6	7.3	18.6	59.6	35.5	1.1	3.9	5.3	28.2	63.3	27.9	63.3
Zm00001d023332	2	mu1019488|mu1085775	UFMu-00783|UFMu-10852	WRKY	121	52	NA	NA	high	frameshift_variant	FALSE	6	1	acti	NA	NA	NA		0.1	0.3	0.3	36.9	0.4	2.0	1.8	3.7	6.5	7.0	1.0	4.6	7.0
Zm00001d023402	1	mu1052124	UFMu-06857	G2-like	61	24	Zm00004b037897,Zm00004b037903	Many-to-Many	moderate	missense_variant	FALSE	18	1	acti	NA	NA	NA		5.1	2.5	0.2	0.1	12.6	11.1	1.8	0.1	0.7	0.0	3.7	1.0	3.7
Zm00001d023411	1	mu1052126	UFMu-06857	G2-like	61	25	Zm00004b037897,Zm00004b037903	Many-to-Many	moderate	missense_variant	FALSE	22	1	acti	NA	NA	NA		6.1	2.4	0.2	0.1	8.2	6.9	2.0	0.1	1.8	0.2	12.8	3.8	3.8
Zm00001d023446	1	mu1013190	UFMu-02411	B3	45	15	Zm00004b037931	One-to-One	low	splice_region_variant	FALSE	0	NA	NA	NA	NA	NA		9.6	0.3	0.4	3.1	9.1	6.4	2.5	0.2	0.5	17.8	11.0	5.4	5.4
Zm00001d023507	5	mu1019410|mu1044617|mu1044618|mu1055643|mu1075006	UFMu-00580|UFMu-05747|UFMu-05747|UFMu-07456,UFMu-07958|UFMu-05747	bZIP	128	52	Zm00004b037971	One-to-One	high	frameshift_variant	FALSE	0	NA	NA	NA	NA	NA		26.1	11.8	19.7	14.3	14.6	9.3	35.7	15.8	17.9	14.7	14.3	9.9	9.9
Zm00001d023539	6	mu1021667|mu1034952|mu1037753|mu1055666|mu1066369|mu1079311	UFMu-01411|UFMu-03427|UFMu-03729|UFMu-07430|UFMu-08361,UFMu-09411,UFMu-09482,UFMu-10745,UFMu-11275|UFMu-08888	GATA	36	15	Zm00004b037999	One-to-One	moderate	missense_variant	FALSE	3	1	acti	NA	NA	NA		5.9	8.0	6.1	6.8	4.0	6.4	9.1	13.4	3.8	9.0	4.4	8.4	9.1
Zm00001d023541	1	mu1076432	UFMu-09217	GATA	36	17	Zm00004b038002	One-to-One	moderate	missense_variant	FALSE	0	NA	NA	NA	NA	NA		0.1	14.8	0.1	0.0	0.0	0.0	0.2	25.1	0.0	0.0	0.0	0.0	25.1
Zm00001d023558	2	mu1082956|mu1089338	UFMu-10018|UFMu-11353	C2H2	132	63	Zm00004b038017	One-to-One	moderate	missense_variant	FALSE	0	NA	NA	NA	NA	NA		5.6	0.0	33.1	6.6	32.3	8.7	19.3	0.3	17.4	14.0	44.3	12.1	44.3
Zm00001d023565	1	mu1080657	UFMu-09878	TCP	42	18	Zm00004b038026	One-to-One	moderate	conservative_inframe_insertion	FALSE	0	NA	NA	NA	NA	NA		5.1	2.9	3.5	4.2	14.3	7.9	6.8	3.2	5.9	3.5	13.6	8.8	8.8
Zm00001d023927	2	mu1052105|mu1066287	UFMu-06538|UFMu-08640	C3H	55	26	Zm00004b038289	One-to-One	moderate	missense_variant	FALSE	0	NA	NA	NA	NA	NA		2.0	0.2	4.5	0.7	2.2	1.1	6.3	0.4	4.7	1.4	5.2	1.9	6.3
Zm00001d024160	1	mu1047032	UFMu-06472	bZIP	128	54	Zm00004b038459	One-to-One	moderate	missense_variant	FALSE	2	0	mix	NA	NA	NA		0.7	0.2	11.1	3.8	62.3	1.3	1.7	0.2	17.4	3.0	60.9	2.2	60.9
Zm00001d024268	2	mu1017177|mu1043735	UFMu-01106,UFMu-01243|UFMu-05293	NAC	126	55	Zm00004b038586	One-to-One	moderate	disruptive_inframe_insertion	FALSE	0	NA	NA	257.4487895716946	3	14	li2013,liu2017,wang2018	2.3	1.8	6.3	3.0	24.9	12.1	0.7	1.1	7.1	2.2	16.3	4.9	7.1
Zm00001d024701	1	mu1080768	UFMu-09421	HD-ZIP	60	25	Zm00004b038926	One-to-One	high	splice_donor_variant	FALSE	22	1	acti	NA	NA	NA		17.0	0.3	0.1	0.5	0.0	22.0	12.7	0.2	0.1	0.9	0.0	23.3	23.3
Zm00001d025033	1	mu1046805	UFMu-06134	TCP	42	19	Zm00004b039221	One-to-One	moderate	missense_variant	FALSE	0	NA	NA	NA	NA	NA		3.1	0.7	2.0	0.9	1.7	1.6	2.9	0.5	1.3	1.1	1.7	1.6	2.9
Zm00001d025233	1	mu1089358	UFMu-12921	B3	45	20	Zm00004b039384	One-to-One	low	splice_region_variant	FALSE	2	1	acti	NA	NA	NA		16.8	0.2	0.9	1.3	0.8	3.4	5.6	0.0	0.9	0.4	0.1	1.1	5.6
Zm00001d025409	2	mu1019766|mu1051271	UFMu-01144,UFMu-03540,UFMu-05291|UFMu-06512	ERF	177	80	Zm00004b039526	One-to-One	moderate	missense_variant	FALSE	0	NA	NA	NA	NA	NA		0.2	0.1	0.0	0.0	0.0	0.0	0.0	0.1	0.0	0.0	0.0	0.0	0.1
Zm00001d025514	3	mu1069149|mu1089393|mu1094339	UFMu-08325|UFMu-12019|UFMu-13149	Trihelix	46	24	Zm00004b039601	One-to-One	low	synonymous_variant	FALSE	0	NA	NA	NA	NA	NA		5.2	4.2	3.6	2.8	4.6	4.8	5.6	5.0	3.4	2.8	5.4	4.3	5.6
Zm00001d025589	1	mu1021742	UFMu-01266	bZIP	128	56	Zm00004b039657	One-to-One	moderate	missense_variant	FALSE	0	NA	NA	NA	NA	NA		0.0	0.1	0.0	0.0	0.0	0.0	5.2	5.6	7.2	3.0	3.9	4.7	7.2
Zm00001d025669	2	mu1046855|mu1072530	UFMu-06510|UFMu-03261	WRKY	121	57	Zm00004b039729	One-to-One	moderate	missense_variant	FALSE	0	NA	NA	NA	NA	NA		2.4	0.1	0.0	0.4	1.6	3.4	3.0	0.1	0.1	0.2	0.6	1.8	3.0
Zm00001d025684	1	mu1037566	UFMu-03911	NAC	126	58	Zm00004b039742	One-to-One	moderate	missense_variant	FALSE	0	NA	NA	NA	NA	NA		0.4	1.5	0.0	0.0	0.1	0.1	0.9	1.0	0.0	0.4	1.1	0.6	1.1
Zm00001d025727	1	mu1022352	UFMu-02112	bHLH	190	87	Zm00004b039773,Zm00004b039774	Many-to-One	moderate	missense_variant	FALSE	0	NA	NA	NA	NA	NA		1.4	0.1	6.7	1.2	5.9	1.8	3.7	0.0	1.7	6.9	8.2	2.8	8.2
Zm00001d025953	5	mu1013054|mu1023098|mu1031914|mu1033545|mu1035771	UFMu-01317|UFMu-02112|UFMu-02594|UFMu-03304|UFMu-03304	GATA	36	18	Zm00004b039978	One-to-One	moderate	missense_variant	FALSE	0	NA	NA	NA	NA	NA		20.0	30.7	36.3	27.7	13.9	34.1	23.2	26.4	23.4	17.1	9.0	23.7	9.0
Zm00001d025982	2	mu1013059|mu1058864	UFMu-02112|UFMu-07786	Trihelix	46	27	Zm00004b039996	One-to-One	moderate	missense_variant	FALSE	0	NA	NA	NA	NA	NA		0.0	0.0	0.0	0.0	0.0	0.0	0.0	0.0	0.0	0.0	0.0	0.0	0.0
Zm00001d026046	2	mu1046907|mu1076249	UFMu-06002|UFMu-08963	bHLH	190	88	Zm00004b040057	One-to-One	moderate	missense_variant	FALSE	2	1	acti	NA	NA	NA		22.7	0.2	0.0	0.0	0.1	5.2	17.4	1.3	0.0	0.0	0.1	4.4	4.4
Zm00001d026050	3	mu1070833|mu1071657|mu1072534	UFMu-02741|UFMu-02234|UFMu-03108	GRAS	81	30	Zm00004b040059	One-to-One	no_change	NA	FALSE	48	0.9861111111111112	acti	NA	NA	NA		6.4	2.5	12.0	8.1	8.8	5.7	13.4	8.4	15.8	21.0	10.5	6.0	8.4
Zm00001d026088	3	mu1017551|mu1022138|mu1022138	UFMu-00867|UFMu-02252|UFMu-09898	HD-ZIP	60	27	Zm00004b040089	One-to-One	moderate	missense_variant	FALSE	0	NA	NA	NA	NA	NA		3.4	2.3	0.2	0.2	5.6	1.7	0.9	0.5	0.0	0.2	4.2	0.7	4.2
Zm00001d026094	2	mu1085720|mu1085720	UFMu-10752|UFMu-11313	HSF	29	14	Zm00004b040094	One-to-One	moderate	missense_variant	FALSE	65	1	acti	NA	NA	NA		10.0	1.7	0.6	13.1	4.1	5.1	80.5	20.3	42.0	19.4	9.9	5.7	9.9
Zm00001d026113	1	mu1089476	UFMu-11172	C2H2	132	70	Zm00004b040110	One-to-One	high	splice_acceptor_variant	FALSE	0	NA	NA	NA	NA	NA		41.6	115.1	3.5	26.3	6.1	19.3	40.8	2.4	0.2	24.4	8.6	20.3	8.6
Zm00001d026158	6	mu1008309|mu1037602|mu1037603|mu1073892|mu1076259|mu1082255	UFMu-00167|UFMu-03171|UFMu-02900|UFMu-04499|UFMu-08886|UFMu-09492	GRAS	81	31	Zm00004b040144	One-to-One	moderate	disruptive_inframe_deletion	FALSE	0	NA	NA	NA	NA	NA		9.0	3.2	9.2	11.8	13.6	12.6	10.5	3.9	8.3	14.3	14.8	11.3	8.3
Zm00001d026191	1	mu1076264	UFMu-09268	ERF	177	82	Zm00004b040176	One-to-One	moderate	missense_variant	FALSE	1	1	acti	NA	NA	NA		0.2	2.4	15.6	1.5	10.3	3.3	0.3	1.1	24.8	0.7	8.6	2.0	8.6
Zm00001d026252	1	mu1073620	UFMu-04383	WRKY	121	59	Zm00004b040237	One-to-Many	moderate	missense_variant	FALSE	18	1	acti	NA	NA	NA		13.4	3.0	66.9	8.1	44.3	15.6	12.5	2.4	15.6	8.9	35.6	19.9	8.9
Zm00001d026398	1	mu1043784	UFMu-05128	bZIP	128	58	Zm00004b040365	One-to-One	high	frameshift_variant	FALSE	4	0.8333333333333334	acti	NA	NA	NA		0.4	0.2	66.6	19.9	102.5	19.8	0.2	0.0	53.4	9.9	124.4	17.4	9.9
Zm00001d026456	1	mu1009215	UFMu-00441	MYB_related	109	60	Zm00004b040411	One-to-One	moderate	missense_variant	FALSE	0	NA	NA	NA	NA	NA		0.0	0.0	0.0	0.0	0.0	0.0	0.0	0.0	0.0	0.0	0.0	0.0	0.0
Zm00001d026518	1	mu1046961	UFMu-05970	NA	NA	NA	NA	NA	low	synonymous_variant	TRUE	0	NA	NA	NA	NA	NA		15.5	6.9	16.3	6.1	13.2	12.6	12.8	7.8	11.7	7.0	11.5	7.7	7.8
Zm00001d026628	2	mu1013137|mu1013137	UFMu-01503,UFMu-01608|UFMu-04164,UFMu-04456,UFMu-05160,UFMu-05936,UFMu-10915,UFMu-11225	Dof	45	20	Zm00004b040570	One-to-One	high	frameshift_variant	FALSE	0	NA	NA	NA	NA	NA		18.5	0.3	34.6	4.4	25.3	11.0	13.5	0.6	66.7	1.3	14.1	3.8	66.7
Zm00001d026684	2	mu1046984|mu1080727	UFMu-06517|UFMu-09479	C2H2	132	72	Zm00004b040626	One-to-One	no_change	NA	FALSE	0	NA	NA	NA	NA	NA		9.9	0.1	0.6	1.1	2.9	3.4	4.7	0.0	0.0	11.3	2.5	3.6	4.7
Zm00001d027317	1	mu1013569	UFMu-01346,UFMu-03270	HD-ZIP	60	29	Zm00004b000067	One-to-One	high	splice_acceptor_variant	FALSE	0	NA	NA	NA	NA	NA		61.9	29.2	193.3	49.2	69.5	67.2	46.1	11.4	140.9	71.7	63.6	50.2	71.7
Zm00001d027461	1	mu1046724	UFMu-06361	bZIP	128	59	Zm00004b000195	One-to-One	high	splice_donor_variant	FALSE	1	1	acti	NA	NA	NA		20.1	72.3	1.7	3.6	1.5	4.9	10.5	141.6	0.3	3.8	2.0	13.0	3.8
Zm00001d027510	2	mu1019431|mu1089262	UFMu-01009|UFMu-12013	Nin-like	17	10	Zm00004b000241	One-to-One	moderate	missense_variant	FALSE	13	1	acti	NA	NA	NA		12.3	20.0	65.7	45.6	59.3	38.0	13.5	33.3	53.8	38.2	43.3	32.0	53.8
Zm00001d027677	1	mu1084401	UFMu-10302	C2H2	132	73	Zm00004b000369	One-to-One	low	synonymous_variant	FALSE	0	NA	NA	NA	NA	NA		9.4	6.4	4.6	3.8	3.8	5.3	15.5	10.9	7.8	6.3	4.6	5.9	7.8
Zm00001d027752	1	mu1086658	UFMu-10623	STAT	1	1	Zm00004b000427,Zm00004b000428	Many-to-One	high	splice_donor_variant	FALSE	1	0	mix	NA	NA	NA		32.4	12.1	27.0	19.1	12.4	23.4	22.6	7.6	11.0	13.6	8.2	18.1	8.2
Zm00001d027757	2	mu1085337|mu1085338	UFMu-10587|UFMu-10587	HSF	29	15	Zm00004b000433	One-to-One	moderate	missense_variant	FALSE	13	1	acti	NA	NA	NA		0.4	0.1	2.9	76.6	10.8	51.0	4.3	0.0	86.9	47.6	16.9	53.3	86.9
Zm00001d027846	1	mu1088571	UFMu-11766	Dof	45	21	Zm00004b000494	One-to-One	moderate	missense_variant	FALSE	15	1	acti	NA	NA	NA		1.0	0.5	114.6	37.2	18.8	28.1	1.3	0.4	64.3	27.1	22.3	17.8	64.3
Zm00001d027874	2	mu1013289|mu1046256	UFMu-02216,UFMu-06291|UFMu-06468	NF-YA	13	8	Zm00004b000519	One-to-One	low	splice_region_variant	FALSE	0	NA	NA	NA	NA	NA		348.5	36.2	23.0	33.4	76.8	42.0	365.9	58.0	142.5	42.2	79.8	27.5	79.8
Zm00001d027878	1	mu1054977	UFMu-07284	AP2	28	13	Zm00004b000524	One-to-One	low	synonymous_variant	FALSE	9	1	acti	NA	NA	NA		185.8	13.8	0.0	0.0	0.0	2.2	161.2	22.6	0.0	0.0	0.0	0.8	22.6
Zm00001d027925	1	mu1088624	UFMu-11378	ERF	177	90	Zm00004b000558	One-to-One	moderate	disruptive_inframe_deletion	FALSE	1	1	acti	NA	NA	NA		2.0	0.1	1.3	0.4	142.5	15.8	4.8	0.1	0.3	2.3	188.8	18.7	4.8
Zm00001d028139	1	mu1037200	UFMu-04156	C2H2	132	74	Zm00004b000718	One-to-One	moderate	missense_variant	FALSE	1	1	acti	NA	NA	NA		23.7	3.1	34.8	1.3	5.1	6.6	35.1	1.8	4.6	2.6	10.0	10.3	4.6
Zm00001d028265	1	mu1089019	UFMu-11213	ARR-B	9	5	Zm00004b000828	One-to-One	no_change	NA	FALSE	0	NA	NA	NA	NA	NA		18.2	22.0	42.6	17.1	54.1	24.8	24.3	23.5	43.0	20.5	55.7	24.7	55.7
Zm00001d028361	1	mu1084296	UFMu-10309	C2H2	132	75	Zm00004b000903	One-to-One	no_change	NA	FALSE	0	NA	NA	NA	NA	NA		2.2	0.0	1.4	1.2	5.9	8.6	2.9	0.0	1.0	2.4	5.4	8.0	8.0
Zm00001d028526	1	mu1013665	UFMu-02190	GRAS	81	33	Zm00004b001046	One-to-One	moderate	missense_variant	FALSE	0	NA	NA	NA	NA	NA		1.3	0.0	0.0	0.2	3.1	0.2	0.3	0.0	0.0	0.0	1.8	0.1	1.8
Zm00001d028879	1	mu1043906	UFMu-05287	bZIP	128	61	Zm00004b001319	One-to-One	no_change	NA	FALSE	0	NA	NA	NA	NA	NA		0.0	0.0	0.0	0.0	0.3	0.0	0.0	0.0	0.0	0.0	0.6	0.1	0.6
Zm00001d028962	1	mu1017554	UFMu-01180	WRKY	121	60	Zm00004b001382	One-to-One	moderate	missense_variant	FALSE	0	NA	NA	NA	NA	NA		3.0	0.1	8.5	6.6	15.7	7.4	3.8	0.0	20.2	4.1	17.9	17.3	4.1
Zm00001d028974	2	mu1040655|mu1076115	UFMu-04780|UFMu-09401	EIL	9	6	Zm00004b001393	One-to-One	moderate	missense_variant	FALSE	2	1	acti	NA	NA	NA		16.9	27.0	249.9	105.9	103.7	45.3	36.5	14.2	188.7	132.9	115.2	51.8	51.8
Zm00001d028984	1	mu1019531	UFMu-01129	G2-like	61	30	Zm00004b001400	One-to-One	moderate	missense_variant	FALSE	1	1	acti	NA	NA	NA		4.5	2.2	48.7	56.8	24.2	18.9	5.8	1.3	45.7	80.9	24.8	20.9	80.9
Zm00001d029287	2	mu1034607|mu1082923	UFMu-03204|UFMu-10409	GeBP	20	10	Zm00004b001637	One-to-One	moderate	missense_variant	FALSE	29	1	acti	NA	NA	NA		8.1	6.0	11.8	5.6	5.7	5.1	10.3	7.3	6.4	6.3	5.6	4.5	7.3
Zm00001d029402	1	mu1051903	UFMu-06852	bHLH	190	106	Zm00004b001715	One-to-One	high	frameshift_variant	FALSE	0	NA	NA	NA	NA	NA		15.5	2.5	7.9	10.1	41.4	21.7	12.5	3.7	4.6	9.2	32.4	16.4	9.2
Zm00001d029607	1	mu1044474	UFMu-05769	GRAS	81	36	Zm00004b001890	One-to-One	moderate	disruptive_inframe_deletion	FALSE	1	1	acti	NA	NA	NA		2.4	0.0	1.0	1.9	6.6	6.8	2.5	0.0	0.2	0.8	5.4	5.6	5.6
Zm00001d029855	3	mu1043872|mu1051928|mu1089307	UFMu-05113|UFMu-07105|UFMu-13149	GRAS	81	37	Zm00004b002071	One-to-One	moderate	disruptive_inframe_insertion	FALSE	15	1	acti	NA	NA	NA		4.5	0.1	22.3	9.4	18.7	5.6	3.1	0.0	25.7	11.1	18.2	4.6	4.6
Zm00001d029963	1	mu1076168	UFMu-09083	MYB_related	109	64	Zm00004b002134	One-to-One	moderate	conservative_inframe_insertion	FALSE	2	0	mix	10.364546104360258	1	6	wang2018	22.0	0.9	163.0	98.6	120.1	82.0	8.9	0.3	257.9	175.8	135.2	51.3	8.9
Zm00001d029974	2	mu1051939|mu1089321	UFMu-06564|UFMu-11379	Trihelix	46	30	Zm00004b002142	One-to-One	no_change	NA	FALSE	0	NA	NA	NA	NA	NA		14.6	8.7	13.6	8.1	9.4	8.3	18.6	11.9	19.2	7.0	11.1	8.2	8.2
Zm00001d030028	2	mu1046801|mu1076170	UFMu-06525|UFMu-08917	bHLH	190	107	Zm00004b002184	One-to-One	moderate	missense_variant	FALSE	25	1	acti	3.7634408602150535	1	5	wang2018	8.7	3.3	45.3	33.0	17.9	10.0	21.4	5.3	55.1	24.0	20.2	12.1	55.1
Zm00001d030069	1	mu1088509	UFMu-13448	HD-ZIP	60	35	Zm00004b002211	One-to-One	moderate	missense_variant	FALSE	21	1	acti	NA	NA	NA		45.4	1.1	0.1	1.1	0.1	40.9	47.0	1.7	0.2	1.3	0.1	32.2	47.0
Zm00001d030617	1	mu1046238	UFMu-06492	bZIP	128	66	Zm00004b002566	One-to-One	moderate	missense_variant	FALSE	0	NA	NA	NA	NA	NA		50.4	12.4	214.8	135.5	198.1	109.4	150.4	18.8	140.5	328.9	226.0	99.1	99.1
Zm00001d030744	5	mu1017977|mu1021088|mu1044229|mu1044230|mu1085356	UFMu-00699|UFMu-01447|UFMu-05508|UFMu-05698|UFMu-10840	GRAS	81	39	Zm00004b002647	One-to-One	moderate	missense_variant	FALSE	0	NA	NA	NA	NA	NA		9.6	2.7	25.5	18.6	31.5	6.8	16.8	4.2	15.2	7.9	27.4	8.1	8.1
Zm00001d030907	1	mu1044148	UFMu-05250	B3	45	26	Zm00004b002754	Many-to-Many	low	splice_region_variant	FALSE	2	0.33333333333333337	mix	11.92368839427663	1	6	wang2018	41.2	0.5	0.2	0.2	0.1	4.5	58.8	0.5	0.1	0.2	0.6	3.0	58.8
Zm00001d030908	1	mu1046270	UFMu-06452,UFMu-10913	B3	45	27	Zm00004b002754,Zm00004b002757	Many-to-Many,Many-to-One	no_change	NA	FALSE	0	NA	NA	12.377662636729994	1	6	wang2018	0.2	0.1	0.1	0.0	0.0	0.1	0.4	0.3	0.0	0.1	0.5	0.3	0.5
Zm00001d030969	1	mu1051525	UFMu-06718	WRKY	121	63	Zm00004b002795	One-to-One	moderate	missense_variant	FALSE	0	NA	NA	NA	NA	NA		1.9	1.0	15.2	3.0	4.4	3.6	3.7	1.5	3.7	4.2	4.5	2.7	4.5
Zm00001d031008	1	mu1044139	UFMu-05348	CPP	12	5	Zm00004b002821	One-to-One	modifier	intron_variant	FALSE	0	NA	NA	NA	NA	NA		51.7	121.1	59.2	21.7	33.6	26.6	73.9	180.8	70.2	35.2	44.0	27.1	73.9
Zm00001d031064	2	mu1044130|mu1082149	UFMu-05308|UFMu-09463,UFMu-11255	ARF	36	21	Zm00004b002861	One-to-One	moderate	missense_variant	FALSE	6	0.8888888888888888	acti	NA	NA	NA		49.9	13.1	45.4	19.9	32.2	51.1	35.5	4.0	38.1	25.4	34.8	44.7	44.7
Zm00001d031182	1	mu1088642	UFMu-11279	TALE	28	13	Zm00004b002945	One-to-One	moderate	missense_variant	FALSE	2	1	acti	NA	NA	NA		0.3	0.1	146.6	55.2	50.5	35.1	0.3	0.1	113.5	114.8	61.2	29.3	61.2
Zm00001d031194	2	mu1088647|mu1088648	UFMu-12357|UFMu-12574	bZIP	128	68	Zm00004b002954	One-to-One	moderate	conservative_inframe_insertion	FALSE	0	NA	NA	NA	NA	NA		0.1	0.0	6.0	0.3	0.7	0.6	0.0	0.0	4.4	0.6	0.5	0.1	4.4
Zm00001d031266	1	mu1045157	UFMu-05892	Trihelix	46	32	Zm00004b003017	One-to-One	moderate	disruptive_inframe_insertion	FALSE	7	1	acti	NA	NA	NA		8.5	9.7	6.5	5.8	5.1	6.8	5.2	9.8	4.8	8.8	5.0	6.8	9.8
Zm00001d031441	1	mu1088671	UFMu-11355	bHLH	190	113	Zm00004b003115	One-to-One	moderate	missense_variant	FALSE	0	NA	NA	NA	NA	NA		40.5	7.5	1.1	13.3	69.2	45.8	37.4	21.5	0.4	15.0	59.3	61.8	61.8
Zm00001d031454	1	mu1028466	UFMu-01129	MYB_related	109	66	Zm00004b003123	One-to-One	no_change	NA	FALSE	1	1	acti	NA	NA	NA		14.0	7.1	17.3	3.0	9.7	9.4	13.5	3.1	13.8	6.3	9.3	7.1	9.3
Zm00001d031561	4	mu1013344|mu1013344|mu1013345|mu1051569	UFMu-01867,UFMu-06867,UFMu-08143|UFMu-05788|UFMu-01838|UFMu-06867,UFMu-08143	bHLH	190	114	Zm00004b003207	One-to-One	non-syntenic	disruptive_inframe_insertion	FALSE	0	NA	NA	NA	NA	NA		0.7	16.2	29.2	24.2	22.5	14.7	0.7	43.5	29.1	48.1	25.3	13.0	48.1
Zm00001d031723	4	mu1024077|mu1046343|mu1075858|mu1080452	UFMu-11200|UFMu-05981|UFMu-08924|UFMu-09482	bZIP	128	71	Zm00004b003313	One-to-One	high	splice_donor_variant	FALSE	0	NA	NA	NA	NA	NA		15.5	22.0	8.8	8.7	13.1	18.6	28.9	36.9	15.8	12.7	19.1	22.1	36.9
Zm00001d031745	2	mu1024534|mu1070702	UFMu-04471|UFMu-02456	HD-ZIP	60	39	Zm00004b003333	One-to-One	high	frameshift_variant	FALSE	0	NA	NA	NA	NA	NA		1.5	0.0	0.0	1.1	1.0	1.7	1.1	0.0	0.0	2.3	0.5	2.1	2.3
Zm00001d031790	1	mu1075322	UFMu-05482	bZIP	128	72	Zm00004b003360,Zm00004b003361	Many-to-One	moderate	missense_variant	FALSE	8	1	acti	NA	NA	NA		31.1	5.7	17.5	6.2	20.1	12.5	21.3	3.0	11.1	12.4	20.6	10.4	3.0
Zm00001d032175	1	mu1028399	UFMu-01587	ZF-HD	21	12	Zm00004b003650	One-to-One	moderate	missense_variant	FALSE	0	NA	NA	NA	NA	NA		11.1	2.5	0.0	1.5	0.0	2.4	35.2	12.0	0.0	0.1	0.0	2.7	35.2
Zm00001d032182	1	mu1075889	UFMu-09141	NAC	126	70	Zm00004b003660	One-to-One	moderate	disruptive_inframe_deletion	FALSE	0	NA	NA	NA	NA	NA		0.3	0.0	0.3	0.0	0.2	0.0	0.1	0.0	0.5	0.0	0.1	0.0	0.5
Zm00001d032502	1	mu1021684	UFMu-01714	YABBY	14	11	Zm00004b003923	One-to-One	moderate	disruptive_inframe_deletion	FALSE	3	1	acti	NA	NA	NA		64.0	0.1	0.0	0.0	0.0	3.4	95.4	0.1	0.0	0.0	0.0	2.9	95.4
Zm00001d032681	3	mu1002244|mu1044892|mu1055099	UFMu-00431|UFMu-05411|UFMu-07572	HD-ZIP	60	41	Zm00004b004069	One-to-One	high	stop_gained	FALSE	0	NA	NA	NA	NA	NA		16.2	114.2	43.7	39.0	24.0	30.5	17.6	96.9	5.7	26.1	20.2	44.4	96.9
Zm00001d032683	2	mu1029573|mu1055101	UFMu-02826,UFMu-03766|UFMu-07612	ARF	36	23	Zm00004b004070	One-to-One	moderate	missense_variant	FALSE	0	NA	NA	NA	NA	NA		49.0	20.0	101.8	18.4	19.5	18.6	25.2	12.4	59.6	12.6	17.7	20.3	59.6
Zm00001d032923	1	mu1065831	UFMu-08727	HSF	29	19	Zm00004b004268	One-to-One	modifier	5_prime_UTR_variant	TRUE	79	0.9915611814345991	acti	NA	NA	NA		59.6	25.0	24.3	74.7	56.4	110.5	385.6	148.4	461.0	92.8	79.9	76.9	92.8
Zm00001d033215	1	mu1021085	UFMu-01431	NF-YA	13	11	Zm00004b004496	One-to-One	moderate	missense_variant	FALSE	2	1	acti	NA	NA	NA		71.4	0.3	22.1	7.8	4.3	5.1	65.3	4.3	13.0	4.3	3.3	3.9	65.3
Zm00001d033291	4	mu1040560|mu1040560|mu1073600|mu1088881	UFMu-04767,UFMu-05277|UFMu-09461,UFMu-11210,UFMu-12292|UFMu-04482,UFMu-08568,UFMu-08991|UFMu-11613	WRKY	121	65	Zm00004b004569,Zm00004b004570	Many-to-One	moderate	missense_variant	FALSE	0	NA	NA	NA	NA	NA		54.9	30.0	159.3	36.1	64.8	59.4	58.6	33.5	78.3	44.2	53.4	53.4	78.3
Zm00001d033379	1	mu1044349	UFMu-05560	TALE	28	15	Zm00004b004622	One-to-One	moderate	missense_variant	FALSE	0	NA	NA	NA	NA	NA		1.7	0.4	0.0	0.1	0.2	3.7	1.5	0.1	0.0	1.5	0.1	3.0	3.0
Zm00001d033680	2	mu1048354|mu1075988	UFMu-06414|UFMu-09282	GRAS	81	42	Zm00004b004884	One-to-One	low	synonymous_variant	FALSE	83	1	acti	NA	NA	NA		10.1	1.4	60.5	26.0	37.4	30.2	16.7	3.4	32.9	62.8	30.2	31.8	62.8
Zm00001d033834	2	mu1037271|mu1065913	UFMu-04148|UFMu-08536	GRAS	81	43	Zm00004b004978	One-to-One	moderate	missense_variant	FALSE	0	NA	NA	NA	NA	NA		4.5	0.1	1.5	0.6	2.4	3.7	5.1	0.3	3.2	0.2	3.9	2.9	5.1
Zm00001d033859	1	mu1065920	UFMu-08591	TALE	28	17	Zm00004b005000	One-to-One	low	synonymous_variant	FALSE	3	1	acti	NA	NA	NA		37.3	0.1	66.6	0.0	0.0	16.6	16.6	0.1	152.4	0.1	0.1	8.5	8.5
Zm00001d033876	3	mu1008064|mu1060319|mu1088963	UFMu-00206|UFMu-07904|UFMu-12609	GRF	15	11	Zm00004b005015	One-to-One	moderate	missense_variant	FALSE	184	0.9963768115942029	acti	NA	NA	NA		198.4	2.0	5.3	7.4	49.3	66.4	181.2	0.7	0.1	7.0	51.6	56.5	7.0
Zm00001d033945	3	mu1018699|mu1018699|mu1080972	UFMu-00601|UFMu-09501|UFMu-09420	GATA	36	22	Zm00004b005070	One-to-One	moderate	missense_variant	FALSE	0	NA	NA	45.81673306772908	1	10	wang2018	93.4	4.4	69.0	8.2	26.6	28.4	200.7	2.0	77.1	16.8	37.2	32.4	77.1
Zm00001d033965	2	mu1055196|mu1085538	UFMu-07286|UFMu-10595	WRKY	121	67	Zm00004b005079	One-to-One	moderate	missense_variant	FALSE	0	NA	NA	118.70503597122301	1	12	wang2018	13.6	5.8	23.2	2.4	21.8	10.7	10.3	2.7	20.4	5.2	38.9	6.6	6.6
Zm00001d034033	1	mu1046558	UFMu-06512	MYB_related	109	70	Zm00004b005138,Zm00004b005139	Many-to-One	low	synonymous_variant	FALSE	0	NA	NA	NA	NA	NA		93.2	54.6	82.1	43.1	79.7	62.9	92.1	64.2	66.6	57.6	83.1	53.4	92.1
Zm00001d034091	1	mu1035200	UFMu-03169	bHLH	190	129	Zm00004b005193	One-to-One	moderate	missense_variant	FALSE	0	NA	NA	233.6769759450172	1	17	wang2018	1.6	0.0	0.1	0.5	0.8	0.5	0.3	0.0	0.0	0.0	0.5	0.2	0.5
Zm00001d034204	3	mu1013582|mu1019591|mu1032670	UFMu-02257|UFMu-00826|UFMu-02693	AP2	28	18	Zm00004b005266	One-to-One	moderate	missense_variant	FALSE	10	1	acti	NA	NA	NA		13.6	0.0	0.0	0.0	0.0	3.6	8.2	0.2	0.0	0.0	0.0	4.1	8.2
Zm00001d034282	1	mu1051751	UFMu-06757	FAR1	14	10	Zm00004b005308	One-to-One	moderate	missense_variant	FALSE	3	1	acti	NA	NA	NA		17.7	24.6	43.7	33.4	43.9	31.3	29.8	38.4	48.7	34.5	42.9	23.5	48.7
Zm00001d034298	1	mu1089017	UFMu-13990	bHLH	190	130	Zm00004b005312	One-to-One	high	splice_acceptor_variant	FALSE	1	0.5	mix	NA	NA	NA		11.7	0.2	15.6	126.7	1.8	183.8	4.2	0.1	39.6	81.5	1.3	83.0	83.0
Zm00001d034353	1	mu1080540	UFMu-09650	TCP	42	27	Zm00004b005351	One-to-One	moderate	missense_variant	FALSE	0	NA	NA	NA	NA	NA		4.8	2.0	0.0	3.0	0.3	3.1	5.8	5.1	0.0	3.6	1.4	3.9	5.8
Zm00001d034503	1	mu1023322	UFMu-02263	bHLH	190	131	Zm00004b005471	One-to-One	moderate	missense_variant	FALSE	2	1	acti	NA	NA	NA		48.1	27.6	22.2	12.7	24.0	23.3	31.4	13.6	15.1	13.1	20.0	19.6	31.4
Zm00001d034601	1	mu1007556	UFMu-00183	NAC	126	72	Zm00004b005560	One-to-One	moderate	missense_variant	FALSE	72	1	acti	NA	NA	NA		35.0	31.3	62.4	59.9	50.7	42.9	121.5	26.6	341.3	30.8	60.6	78.6	78.6
Zm00001d034605	2	mu1032179|mu1079196	UFMu-02864|UFMu-08925	ERF	177	112	Zm00004b005563	One-to-One	moderate	missense_variant	FALSE	2	0	mix	NA	NA	NA		24.4	11.3	26.7	9.3	14.9	14.1	10.9	9.3	22.4	12.4	16.9	12.1	9.3
Zm00001d034751	1	mu1080562	UFMu-09529	GATA	36	23	Zm00004b005691	One-to-One	no_change	NA	FALSE	45	0.9555555555555556	acti	NA	NA	NA		104.7	39.9	35.1	12.6	36.1	47.2	78.0	56.5	28.7	29.5	38.1	43.7	78.0
Zm00001d035295	2	mu1057356|mu1068050	UFMu-07149|UFMu-08694	GeBP	20	14	Zm00004b028558	One-to-One	high	start_lost	FALSE	1	1	acti	NA	NA	NA		7.3	1.8	3.0	2.7	5.1	3.3	4.3	2.2	0.2	0.4	2.9	0.7	4.3
Zm00001d035470	1	mu1060525	UFMu-07940	MYB_related	109	74	Zm00004b028615	One-to-One	high	frameshift_variant	FALSE	0	NA	NA	352.3820895522388	1	11	liu2017	76.5	85.1	179.4	80.6	96.5	93.4	82.9	96.7	144.4	103.5	104.2	76.7	96.7
Zm00001d035701	1	mu1034810	UFMu-03287	C2H2	132	95	Zm00004b028790	One-to-One	moderate	disruptive_inframe_insertion	FALSE	0	NA	NA	NA	NA	NA		34.7	20.7	26.5	11.5	18.9	19.6	35.5	22.8	28.2	19.2	26.0	23.6	35.5
Zm00001d035921	2	mu1015713|mu1060550	UFMu-01432|UFMu-07704	B3	45	34	Zm00004b028927	One-to-Many	no_change	NA	FALSE	0	NA	NA	NA	NA	NA		0.0	0.0	0.0	0.0	0.0	0.0	0.0	0.0	0.0	0.0	0.0	0.0	0.0
Zm00001d035922	1	mu1068090	UFMu-08670	B3	45	35	Zm00004b028927,Zm00004b028928	Many-to-Many,Many-to-One	no_change	NA	FALSE	0	NA	NA	254.67494824016563	1	11	liu2017	5.5	6.4	10.2	34.9	14.5	11.7	5.5	7.1	16.5	24.9	14.7	12.9	7.1
Zm00001d035965	1	mu1015717	UFMu-01877	GRF	15	12	Zm00004b028955	One-to-One	moderate	missense_variant	FALSE	1	1	acti	298.3783783783784	1	9	liu2017	7.8	1.0	4.9	4.3	6.9	12.0	4.8	0.3	4.4	4.1	6.3	9.5	9.5
Zm00001d036330	1	mu1049061	UFMu-06492	C2H2	132	97	Zm00004b029190	One-to-One	low	synonymous_variant	FALSE	0	NA	NA	NA	NA	NA		0.0	0.0	0.0	0.0	0.0	0.0	0.0	0.0	0.0	0.0	0.0	0.0	0.0
Zm00001d036356	2	mu1068120|mu1070436	UFMu-04186,UFMu-08301|UFMu-02945	MYB_related	109	75	Zm00004b029205	One-to-One	high	frameshift_variant	FALSE	0	NA	NA	NA	NA	NA		48.9	32.2	19.2	11.1	20.1	22.8	23.5	11.0	10.8	8.8	13.5	13.4	8.8
Zm00001d036400	1	mu1049064	UFMu-06472	bZIP	128	79	Zm00004b029234	One-to-One	no_change	NA	FALSE	0	NA	NA	NA	NA	NA		11.6	7.4	15.8	10.3	11.8	7.9	20.1	9.1	25.5	16.9	15.5	13.3	9.1
Zm00001d036425	1	mu1015745	UFMu-01828	MIKC_MADS	42	29	Zm00004b029254	One-to-One	modifier	intron_variant	FALSE	0	NA	NA	NA	NA	NA		0.6	10.3	0.1	0.0	0.2	1.5	0.8	50.3	0.4	0.0	0.8	1.3	50.3
Zm00001d036426	1	mu1042606	UFMu-04988	SRS	9	7	Zm00004b029255	One-to-One	high	stop_gained	FALSE	3	1	acti	NA	NA	NA		25.4	0.0	0.0	0.0	3.2	2.7	15.9	0.0	0.0	0.0	4.7	1.8	4.7
Zm00001d036536	1	mu1069716	UFMu-08693	ERF	177	118	Zm00004b029327	One-to-One	moderate	missense_variant	FALSE	0	NA	NA	6.042387805914861	1	20	li2013	4.1	1.8	4.7	2.1	4.0	3.5	2.9	1.4	2.1	3.1	2.7	2.7	3.1
Zm00001d036594	1	mu1092569	UFMu-12455	C3H	55	37	Zm00004b029370	One-to-One	modifier	intron_variant	FALSE	0	NA	NA	NA	NA	NA		10.4	6.2	13.8	6.7	6.1	4.2	8.9	4.3	9.6	9.0	6.2	4.3	9.6
Zm00001d036632	1	mu1045663	UFMu-05735	MYB_related	109	76	Zm00004b029397	One-to-One	no_change	NA	FALSE	0	NA	NA	5.663828889045241	1	18	li2013	28.5	8.7	43.9	24.0	21.5	22.7	26.7	9.7	46.1	32.3	26.3	26.2	9.7
Zm00001d036807	1	mu1092599	UFMu-11934	bHLH	190	134	Zm00004b029529	One-to-One	no_change	NA	FALSE	0	NA	NA	NA	NA	NA		5.3	1.3	0.4	0.2	1.9	9.4	5.4	0.5	0.2	1.0	1.8	12.5	5.4
Zm00001d036812	1	mu1021264	UFMu-01464	C2H2	132	98	Zm00004b029532	One-to-One	modifier	intron_variant	FALSE	0	NA	NA	NA	NA	NA		2.7	5.4	5.3	5.5	4.8	2.8	0.5	0.0	4.1	0.8	0.3	1.1	4.1
Zm00001d037015	1	mu1048801	UFMu-06091	G2-like	61	43	Zm00004b029688	One-to-One	moderate	missense_variant	FALSE	1	1	acti	NA	NA	NA		0.4	0.0	0.0	3.4	8.5	1.0	0.0	0.0	0.0	0.5	5.8	0.3	5.8
Zm00001d037317	1	mu1032146	UFMu-02510	bZIP	128	82	Zm00004b029935	One-to-One	non-syntenic	NA	FALSE	0	NA	NA	NA	NA	NA		2.0	0.0	0.0	0.0	0.3	0.6	1.9	0.0	0.0	0.0	0.5	0.6	1.9
Zm00001d037461	1	mu1092221	UFMu-12342	CPP	12	8	Zm00004b030021	One-to-One	moderate	missense_variant	FALSE	0	NA	NA	NA	NA	NA		7.1	2.8	10.3	9.2	10.1	7.9	7.9	1.4	9.1	9.7	9.6	5.0	9.7
Zm00001d037528	1	mu1060381	UFMu-07962	bHLH	190	136	Zm00004b030070	One-to-One	no_change	NA	FALSE	0	NA	NA	NA	NA	NA		0.1	0.0	0.2	0.2	0.1	0.7	0.0	0.0	0.1	0.6	0.2	1.0	1.0
Zm00001d037737	2	mu1074020|mu1077985	UFMu-04803|UFMu-09139	MIKC_MADS	42	31	Zm00004b030241	One-to-One	moderate	missense_variant	FALSE	1	1	acti	NA	NA	NA		0.2	0.3	0.1	0.1	0.0	0.2	0.0	0.4	0.0	1.0	0.0	0.3	1.0
Zm00001d037769	2	mu1041482|mu1067932	UFMu-04596|UFMu-08565	C3H	55	39	Zm00004b030269	One-to-One	no_change	NA	FALSE	38	0.9473684210526315	acti	NA	NA	NA		6.7	0.1	130.0	27.1	3.9	0.4	17.4	0.4	326.5	58.8	27.5	2.4	58.8
Zm00001d038087	1	mu1095127	UFMu-11360	AP2	28	21	Zm00004b030505	One-to-One	non-syntenic	missense_variant	FALSE	4	1	acti	NA	NA	NA		46.0	5.1	15.3	9.7	32.8	53.3	58.3	2.9	8.5	8.1	19.6	33.7	8.5
Zm00001d038189	1	mu1042700	UFMu-04988	bZIP	128	84	Zm00004b030580,Zm00004b030582,Zm00004b030583	Many-to-One	moderate	missense_variant	FALSE	0	NA	NA	NA	NA	NA		29.3	38.8	68.7	172.5	33.4	70.8	25.3	37.2	47.4	152.9	40.8	83.1	83.1
Zm00001d038311	1	mu1060431	UFMu-08038	bZIP	128	86	Zm00004b030670	One-to-One	moderate	missense_variant	FALSE	2	1	acti	NA	NA	NA		10.5	15.1	9.5	6.3	9.9	5.1	17.9	25.8	8.5	6.6	15.5	6.9	8.5
Zm00001d038355	1	mu1092306	UFMu-13099	TALE	28	22	Zm00004b030707	One-to-One	moderate	disruptive_inframe_insertion	FALSE	1	1	acti	NA	NA	NA		12.2	0.1	33.4	0.4	1.6	9.5	14.4	0.1	24.4	5.4	2.5	9.5	9.5
Zm00001d038357	1	mu1039284	UFMu-04161	bHLH	190	138	Zm00004b030708	One-to-One	moderate	disruptive_inframe_insertion	FALSE	0	NA	NA	NA	NA	NA		6.3	48.8	73.1	38.2	78.0	68.1	15.1	59.0	122.3	54.8	137.6	62.8	62.8
Zm00001d038379	1	mu1029691	UFMu-02873	C2H2	132	100	Zm00004b030735	One-to-One	moderate	missense_variant	FALSE	0	NA	NA	NA	NA	NA		0.0	0.0	0.6	0.0	0.0	0.0	0.0	0.0	0.0	0.0	0.1	0.0	0.1
Zm00001d038451	1	mu1061063	UFMu-08215	WRKY	121	78	Zm00004b030791	One-to-One	moderate	disruptive_inframe_deletion	FALSE	11	1	acti	NA	NA	NA		0.2	0.0	2.9	0.0	3.1	1.4	0.0	0.0	0.7	0.1	1.7	0.4	1.7
Zm00001d038518	1	mu1092323	UFMu-13808	GRAS	81	50	Zm00004b030848	One-to-One	moderate	disruptive_inframe_insertion	FALSE	0	NA	NA	NA	NA	NA		0.0	0.0	0.0	0.0	0.0	0.0	0.0	0.1	0.0	0.0	0.0	0.0	0.1
Zm00001d038660	2	mu1045576|mu1045576	UFMu-05707|UFMu-13987	CPP	12	9	Zm00004b030954	One-to-One	high	frameshift_variant	FALSE	0	NA	NA	NA	NA	NA		16.4	11.8	18.9	7.0	10.1	8.7	15.5	9.8	16.7	9.1	13.1	8.6	9.8
Zm00001d038704	1	mu1045581	UFMu-05922	VOZ	5	3	Zm00004b030992	One-to-One	moderate	missense_variant	FALSE	0	NA	NA	NA	NA	NA		36.7	24.4	62.8	22.9	42.0	26.9	49.2	40.7	56.9	33.2	47.7	25.7	56.9
Zm00001d038843	1	mu1081611	UFMu-09469	WRKY	121	80	Zm00004b031112	One-to-One	moderate	disruptive_inframe_deletion	FALSE	64	0.9895833333333334	acti	NA	NA	NA		0.2	0.1	35.5	2.0	9.7	5.7	0.1	0.0	90.8	1.1	7.3	4.3	90.8
Zm00001d038846	6	mu1029949|mu1068009|mu1082547|mu1082547|mu1083891|mu1085039	UFMu-02921,UFMu-06508|UFMu-08481|UFMu-09481|UFMu-10707|UFMu-10392|UFMu-10376	NA	NA	NA	Zm00004b031116	One-to-One	moderate	missense_variant	TRUE	0	NA	NA	NA	NA	NA		7.6	3.7	69.3	16.5	24.3	11.9	7.0	1.6	148.3	36.2	66.5	13.0	7.0
Zm00001d039004	1	mu1053838	UFMu-06949	NAC	126	85	Zm00004b031254	One-to-One	high	splice_donor_variant	FALSE	0	NA	NA	NA	NA	NA		0.0	3.5	2.8	70.4	5.6	5.4	0.0	8.8	0.1	13.5	3.5	2.1	8.8
Zm00001d039017	1	mu1060499	UFMu-08200	WOX	19	13	Zm00004b031265	One-to-One	moderate	missense_variant	FALSE	0	NA	NA	NA	NA	NA		4.4	0.0	0.0	0.0	0.0	0.2	1.4	0.0	0.0	0.0	0.0	0.3	1.4
Zm00001d039019	2	mu1068024|mu1078070	UFMu-08566|UFMu-09307,UFMu-11067	ERF	177	129	Zm00004b031267	One-to-One	moderate	missense_variant	FALSE	0	NA	NA	NA	NA	NA		0.0	0.0	0.0	0.0	0.3	0.1	0.0	0.0	0.0	0.0	0.6	0.1	0.6
Zm00001d039185	1	mu1021985	UFMu-01703,UFMu-02596,UFMu-06827,UFMu-07763	MYB_related	109	82	Zm00004b031413	One-to-One	moderate	missense_variant	FALSE	0	NA	NA	NA	NA	NA		15.6	2.7	4.0	3.6	5.5	9.9	18.1	4.2	0.9	1.6	6.7	7.9	7.9
Zm00001d039260	1	mu1010107	UFMu-00214	G2-like	61	47	Zm00004b015589	One-to-One	moderate	missense_variant	FALSE	0	NA	NA	NA	NA	NA		4.8	0.1	43.3	33.3	0.6	33.1	5.2	0.1	55.1	74.2	0.9	31.6	74.2
Zm00001d039266	1	mu1038157	UFMu-03723	Nin-like	17	13	Zm00004b015595	One-to-One	high	splice_donor_variant	FALSE	0	NA	NA	NA	NA	NA		38.9	6.7	47.8	20.6	59.8	55.3	31.4	11.3	41.9	60.1	66.6	55.8	66.6
Zm00001d039267	6	mu1017909|mu1076913|mu1080981|mu1086101|mu1090519|mu1094628	UFMu-01190|UFMu-08988|UFMu-09486|UFMu-10745|UFMu-13123|UFMu-11705	ARF	36	26	Zm00004b015597	One-to-One	high	splice_acceptor_variant	FALSE	1	1	acti	NA	NA	NA		23.0	84.7	52.2	18.2	159.1	16.0	20.4	87.8	32.4	25.4	160.4	16.1	87.8
Zm00001d039272	1	mu1080987	UFMu-09445	bHLH	190	141	Zm00004b015602	One-to-One	moderate	missense_variant	FALSE	0	NA	NA	NA	NA	NA		9.6	9.3	15.9	4.8	6.4	4.2	5.6	0.8	22.2	3.2	6.0	3.6	6.0
Zm00001d039371	2	mu1038380|mu1081092	UFMu-03476|UFMu-09492	TCP	42	30	Zm00004b015697	One-to-One	high	start_lost	FALSE	12	1	acti	NA	NA	NA		116.6	14.9	0.8	4.8	6.6	63.8	59.1	23.9	1.0	9.2	4.7	62.2	9.2
Zm00001d039424	1	mu1094733	UFMu-11671	ERF	177	132	Zm00004b015743	One-to-One	high	frameshift_variant	FALSE	0	NA	NA	NA	NA	NA		0.2	0.0	0.0	0.0	0.1	0.2	2.0	0.0	0.1	0.4	0.2	0.1	2.0
Zm00001d039467	1	mu1077163	UFMu-09139	C2H2	132	103	Zm00004b015783	One-to-One	moderate	conservative_inframe_deletion	FALSE	0	NA	NA	NA	NA	NA		8.6	0.1	32.9	2.3	16.5	10.5	8.1	0.1	28.6	8.3	21.5	10.1	8.3
Zm00001d039658	2	mu1059366|mu1069307	UFMu-08145|UFMu-08808	bZIP	128	91	Zm00004b015964	One-to-One	high	frameshift_variant	FALSE	3	1	acti	NA	NA	NA		17.2	28.0	13.9	17.5	8.1	29.9	37.6	58.4	47.5	22.2	9.4	41.4	9.4
Zm00001d039893	1	mu1090656	UFMu-11469	MYB	163	116	Zm00004b016162	One-to-One	moderate	missense_variant	FALSE	5	1	acti	NA	NA	NA		7.2	12.8	205.4	19.3	82.6	31.4	8.4	10.5	143.7	11.9	75.9	25.8	8.4
Zm00001d040090	4	mu1047857|mu1047857|mu1071799|mu1094719	UFMu-06337,UFMu-06548|UFMu-10643|UFMu-02048|UFMu-12396	HD-ZIP	60	46	Zm00004b016310	One-to-One	moderate	missense_variant	FALSE	1	1	acti	NA	NA	NA		98.2	1.0	1.8	11.9	33.5	89.3	67.7	0.8	1.0	21.9	27.4	91.4	91.4
Zm00001d040254	2	mu1059628|mu1090884	UFMu-07824|UFMu-11213	GeBP	20	16	Zm00004b016445	One-to-One	non-syntenic	NA	FALSE	0	NA	NA	NA	NA	NA		1.0	1.1	1.1	8.3	0.9	4.5	0.3	0.4	0.9	4.2	0.6	5.0	5.0
Zm00001d040301	1	mu1059634	UFMu-07809	C3H	55	41	Zm00004b016481	One-to-One	moderate	missense_variant	FALSE	0	NA	NA	NA	NA	NA		28.4	12.3	72.6	47.7	58.2	49.5	25.7	7.4	45.4	25.9	49.3	38.6	7.4
Zm00001d040536	1	mu1019060	UFMu-01093	bHLH	190	147	Zm00004b016657	One-to-One	moderate	missense_variant	FALSE	0	NA	NA	NA	NA	NA		0.0	0.0	0.0	0.0	0.0	0.0	0.0	0.0	0.0	0.0	0.0	0.0	0.0
Zm00001d040611	1	mu1030115	UFMu-02582,UFMu-03240	TALE	28	23	Zm00004b016710	One-to-One	no_change	NA	FALSE	5	1	acti	NA	NA	NA		28.8	1.6	133.6	0.2	28.0	24.7	33.2	4.1	140.0	0.1	35.2	15.1	4.1
Zm00001d041397	2	mu1038108|mu1047552	UFMu-03934|UFMu-06118	WRKY	121	88	Zm00004b017243	One-to-One	no_change	NA	FALSE	0	NA	NA	NA	NA	NA		22.0	8.7	37.7	18.5	21.7	27.4	21.9	12.1	17.2	44.0	25.0	32.9	44.0
Zm00001d041444	2	mu1043463|mu1090438	UFMu-04909|UFMu-13542	CPP	12	10	Zm00004b017273	One-to-One	moderate	missense_variant	FALSE	1	1	acti	NA	NA	NA		17.4	11.8	12.7	6.1	7.9	7.2	18.2	11.2	23.2	10.0	14.5	9.5	9.5
Zm00001d041445	1	mu1083255	UFMu-10376	CPP	12	11	Zm00004b017274	One-to-One	modifier	intron_variant	FALSE	0	NA	NA	NA	NA	NA		136.8	178.6	123.2	74.9	200.8	120.2	162.6	192.9	157.0	101.3	175.2	108.0	192.9
Zm00001d041474	1	mu1056051	UFMu-07503	LSD	6	3	Zm00004b017294	One-to-One	modifier	3_prime_UTR_variant	FALSE	0	NA	NA	NA	NA	NA		21.6	16.2	75.1	40.3	67.3	43.7	28.4	26.2	107.8	53.3	73.2	45.8	73.2
Zm00001d041491	2	mu1043460|mu1076858	UFMu-04904|UFMu-08926	NF-YA	13	13	Zm00004b017306	One-to-One	no_change	NA	FALSE	30	0.8	acti	NA	NA	NA		13.8	11.4	20.2	18.4	15.5	15.7	31.3	16.2	51.0	32.1	24.2	16.2	51.0
Zm00001d041536	4	mu1008157|mu1014300|mu1024416|mu1043457	UFMu-00502,UFMu-07217|UFMu-02114|UFMu-02335|UFMu-05113	GRAS	81	53	Zm00004b017339	One-to-One	moderate	missense_variant	FALSE	0	NA	NA	NA	NA	NA		8.1	4.2	8.0	8.7	7.7	6.0	7.3	6.0	4.5	5.9	5.0	4.2	7.3
Zm00001d041780	4	mu1018735|mu1052599|mu1056071|mu1065420	UFMu-00767|UFMu-06758|UFMu-07240|UFMu-00767	ZF-HD	21	15	Zm00004b017524	One-to-One	no_change	NA	FALSE	1	1	acti	NA	NA	NA		6.1	0.0	0.0	18.7	0.8	14.6	8.7	0.0	0.1	7.9	0.6	11.7	8.7
Zm00001d041883	5	mu1014327|mu1047597|mu1047598|mu1070232|mu1080972	UFMu-02018|UFMu-06523|UFMu-06266|UFMu-02656|UFMu-09420	GATA	36	29	Zm00004b017607	One-to-One	moderate	missense_variant	FALSE	1	1	acti	NA	NA	NA		8.1	4.0	5.6	6.4	5.2	9.9	7.5	15.0	4.6	5.5	4.9	9.0	9.0
Zm00001d041926	1	mu1052608	UFMu-06651	bHLH	190	149	Zm00004b017632	One-to-One	moderate	missense_variant	FALSE	0	NA	NA	NA	NA	NA		39.4	14.9	40.3	10.2	29.3	28.9	29.5	9.1	26.2	14.6	32.8	29.6	9.1
Zm00001d042127	1	mu1076906	UFMu-09036	GRAS	81	55	Zm00004b017805	One-to-One	low	synonymous_variant	FALSE	21	1	acti	NA	NA	NA		10.6	0.5	10.8	4.6	4.9	5.5	17.9	0.8	7.2	7.2	5.2	4.8	7.2
Zm00001d042196	1	mu1083280	UFMu-09994	NF-YB	19	13	Zm00004b017873	One-to-One	moderate	disruptive_inframe_deletion	FALSE	12	0.3333333333333333	mix	NA	NA	NA		0.1	0.0	0.0	1.4	0.9	0.0	0.0	0.0	0.0	0.0	0.1	0.0	0.1
Zm00001d042212	2	mu1044918|mu1044918	UFMu-05794|UFMu-10697	HB-other	21	17	Zm00004b017891	One-to-One	moderate	missense_variant	FALSE	0	NA	NA	NA	NA	NA		31.6	61.5	86.7	44.4	46.1	36.4	30.3	54.8	59.2	46.7	44.9	28.2	59.2
Zm00001d042263	1	mu1030016	UFMu-02835	bHLH	190	151	Zm00004b017935	One-to-One	high	frameshift_variant	FALSE	0	NA	NA	NA	NA	NA		10.4	126.7	1.3	14.4	0.8	7.6	19.9	168.6	0.9	16.5	3.0	9.5	9.5
Zm00001d042305	3	mu1043423|mu1043424|mu1083292	UFMu-05287|UFMu-04869|UFMu-10407	TCP	42	32	Zm00004b017972	One-to-One	moderate	missense_variant	FALSE	0	NA	NA	NA	NA	NA		3.3	1.6	10.5	3.0	7.1	4.7	5.4	3.3	12.0	3.4	8.7	3.3	8.7
Zm00001d042315	1	mu1014353	UFMu-01868	M-type_MADS	31	23	Zm00004b017983	One-to-One	no_change	NA	FALSE	0	NA	NA	NA	NA	NA		1.9	1.7	4.7	1.4	0.6	0.1	3.0	0.1	5.7	4.6	1.5	0.4	5.7
Zm00001d042373	6	mu1038168|mu1038169|mu1043418|mu1056119|mu1073937|mu1076932	UFMu-04186|UFMu-04186|UFMu-05286,UFMu-05620|UFMu-07316|UFMu-04434,UFMu-09139|UFMu-08925	bHLH	190	152	Zm00004b018032	One-to-One	high	splice_donor_variant	FALSE	1	1	acti	NA	NA	NA		24.6	27.3	33.0	48.7	63.4	41.2	30.9	22.1	29.6	35.6	64.4	23.3	64.4
Zm00001d042463	1	mu1033989	UFMu-03519,UFMu-04992,UFMu-08040	ARR-B	9	6	Zm00004b018100	One-to-One	modifier	intron_variant	FALSE	1	1	acti	5.39901603731391	1	17	li2013	3.8	1.2	33.1	32.2	147.0	11.8	2.8	0.2	41.3	39.2	157.7	19.7	41.3
Zm00001d042588	5	mu1031420|mu1031420|mu1035900|mu1035900|mu1072663	UFMu-02686,UFMu-03228|UFMu-11153|UFMu-03474|UFMu-09477|UFMu-03474,UFMu-09085	ERF	177	136	Zm00004b018207	One-to-One	moderate	disruptive_inframe_insertion	FALSE	0	NA	NA	NA	NA	NA		14.2	1.3	5.2	0.5	3.2	2.7	15.8	1.5	1.8	0.6	2.8	2.3	2.8
Zm00001d042717	1	mu1017634	UFMu-00986	ERF	177	138	Zm00004b018340	One-to-One	moderate	conservative_inframe_insertion	FALSE	1	1	acti	NA	NA	NA		0.3	1.8	10.8	0.8	1.1	2.7	0.1	1.9	1.6	2.8	0.6	3.1	3.1
Zm00001d042907	2	mu1034745|mu1056160	UFMu-03136|UFMu-07157	GRAS	81	57	Zm00004b018499	One-to-One	moderate	missense_variant	FALSE	0	NA	NA	NA	NA	NA		7.0	8.8	39.2	49.5	30.1	19.8	15.0	3.4	96.6	37.2	23.1	20.2	96.6
Zm00001d042917	4	mu1008312|mu1039968|mu1043397|mu1072302	UFMu-00254|UFMu-03146,UFMu-04869|UFMu-05071|UFMu-02178,UFMu-09198	Trihelix	46	38	Zm00004b018507	One-to-One	high	frameshift_variant	FALSE	1	-1	repr	NA	NA	NA		1.3	0.2	1.3	0.8	0.2	0.2	1.2	0.2	0.4	2.0	0.0	0.6	2.0
Zm00001d042965	1	mu1083320	UFMu-10027,UFMu-12343	C3H	55	44	Zm00004b018548	One-to-One	low	synonymous_variant	FALSE	0	NA	NA	NA	NA	NA		78.6	115.1	73.9	71.7	81.2	98.5	126.2	92.1	124.7	84.8	95.4	96.2	96.2
Zm00001d042989	1	mu1066887	UFMu-08301	bHLH	190	154	Zm00004b018568	One-to-Many	no_change	NA	FALSE	0	NA	NA	NA	NA	NA		0.0	0.0	0.0	0.0	0.0	0.0	0.0	0.0	0.0	0.0	0.0	0.0	0.0
Zm00001d043094	5	mu1016227|mu1016227|mu1038215|mu1039858|mu1085178	UFMu-02253|UFMu-05783|UFMu-03730|UFMu-03904,UFMu-04337,UFMu-04827|UFMu-10393	NAC	126	97	Zm00004b018650	One-to-One	low	synonymous_variant	FALSE	0	NA	NA	NA	NA	NA		5.6	4.7	23.6	15.5	16.3	8.8	8.1	5.0	26.3	24.6	17.3	11.6	8.1
Zm00001d043116	1	mu1018764	UFMu-00958	AP2	28	23	Zm00004b018665	One-to-One	high	frameshift_variant	FALSE	0	NA	NA	NA	NA	NA		4.8	0.0	1.4	0.0	0.0	0.1	7.3	0.0	2.0	0.2	0.0	0.3	7.3
Zm00001d043153	1	mu1038218	UFMu-02844	bZIP	128	100	Zm00004b018693	One-to-One	non-syntenic	missense_variant	FALSE	0	NA	NA	NA	NA	NA		0.0	0.0	0.0	0.0	0.0	0.0	0.0	0.0	0.0	0.0	0.0	0.0	0.0
Zm00001d043243	2	mu1043380|mu1090657	UFMu-04885|UFMu-13501	C2H2	132	109	Zm00004b018777	One-to-One	no_change	NA	FALSE	0	NA	NA	NA	NA	NA		11.8	0.1	0.3	5.6	0.8	6.2	11.5	0.3	0.8	4.8	1.4	4.3	4.8
Zm00001d043696	1	mu1035070	UFMu-03459	MYB_related	109	89	Zm00004b019199	One-to-One	low	splice_region_variant	FALSE	0	NA	NA	NA	NA	NA		51.6	24.1	27.1	16.7	23.2	29.7	44.2	16.4	26.0	13.9	22.5	23.3	44.2
Zm00001d043877	1	mu1090743	UFMu-12128	NAC	126	98	Zm00004b019361	One-to-One	high	frameshift_variant	FALSE	0	NA	NA	NA	NA	NA		0.6	0.7	0.2	0.3	0.0	0.0	0.6	0.6	0.3	0.0	0.1	0.0	0.6
Zm00001d043902	2	mu1070134|mu1077055	UFMu-02510|UFMu-09012	Trihelix	46	39	Zm00004b019381	One-to-One	moderate	disruptive_inframe_deletion	FALSE	0	NA	NA	NA	NA	NA		15.9	1.0	6.8	5.6	6.2	6.9	12.3	1.0	10.1	9.3	6.3	8.9	9.3
Zm00001d043992	4	mu1038302|mu1051091|mu1056241|mu1056241	UFMu-04204|UFMu-06212|UFMu-07430|UFMu-11314	bZIP	128	103	Zm00004b019445	One-to-One	non-syntenic	missense_variant	FALSE	5	1	acti	NA	NA	NA		13.7	0.3	4.7	2.1	1.7	1.3	10.8	1.0	3.7	3.0	7.0	3.5	7.0
Zm00001d044004	1	mu1014492	UFMu-01361	ERF	177	142	Zm00004b019451	One-to-One	moderate	missense_variant	FALSE	2	1	acti	NA	NA	NA		2.0	0.0	0.0	0.0	4.7	2.3	2.6	0.0	0.3	0.1	4.8	2.0	4.8
Zm00001d044857	2	mu1054872|mu1074941	UFMu-06571|UFMu-03865	ERF	177	143	Zm00004b031554	One-to-One	moderate	missense_variant	FALSE	1	1	acti	NA	NA	NA		0.3	0.0	19.2	3.9	46.9	2.8	0.6	0.2	30.2	4.3	29.1	3.7	4.3
Zm00001d044940	2	mu1050112|mu1050636	UFMu-05989|UFMu-06526	bZIP	128	105	Zm00004b031617	One-to-One	moderate	missense_variant	FALSE	19	0.9649122807017544	acti	NA	NA	NA		23.3	95.6	15.6	5.8	8.0	9.8	21.3	168.8	6.0	4.7	18.3	8.0	8.0
Zm00001d045212	1	mu1093908	UFMu-12056	bHLH	190	163	Zm00004b031831	One-to-One	high	frameshift_variant	FALSE	0	NA	NA	NA	NA	NA		38.0	62.2	12.2	4.0	8.5	4.0	24.8	56.0	3.0	6.6	7.6	3.5	7.6
Zm00001d045262	1	mu1017385	UFMu-01127,UFMu-02334,UFMu-11097,UFMu-13982	ERF	177	147	Zm00004b031874	One-to-One	moderate	missense_variant	FALSE	0	NA	NA	NA	NA	NA		0.0	0.0	0.0	0.0	0.0	0.0	0.0	0.0	0.0	0.0	0.0	0.0	0.0
Zm00001d045323	3	mu1008518|mu1021162|mu1021162	UFMu-00446,UFMu-00886,UFMu-03300,UFMu-03775,UFMu-04902|UFMu-01228|UFMu-06890	DBB	14	13	Zm00004b031930	One-to-One	modifier	intron_variant	FALSE	0	NA	NA	NA	NA	NA		240.8	171.6	398.2	242.5	461.3	335.3	261.2	188.9	487.2	287.5	495.1	490.4	495.1
Zm00001d045507	1	mu1021149	UFMu-01454,UFMu-03431,UFMu-09491	GRAS	81	59	Zm00004b032091	One-to-One	moderate	missense_variant	FALSE	282	0.9929078014184397	acti	NA	NA	NA		51.3	0.1	0.0	0.0	15.5	23.6	67.5	0.2	0.0	0.2	14.1	20.8	67.5
Zm00001d045589	6	mu1016773|mu1018294|mu1054838|mu1080205|mu1084362|mu1093961	UFMu-01339,UFMu-03226,UFMu-03997,UFMu-05673,UFMu-07777,UFMu-10438,UFMu-10913,UFMu-11213,UFMu-12558,UFMu-13923|UFMu-00786|UFMu-06650|UFMu-02216,UFMu-03226,UFMu-03997,UFMu-05673,UFMu-08880,UFMu-11213|UFMu-10436|UFMu-11164	GRAS	81	60	Zm00004b032166	One-to-One	moderate	missense_variant	FALSE	0	NA	NA	NA	NA	NA		0.4	0.4	3.2	5.9	1.9	5.5	2.0	1.6	2.0	7.7	3.5	8.1	8.1
Zm00001d045617	1	mu1033892	UFMu-03232	NAC	126	103	Zm00004b032186	One-to-One	no_change	NA	FALSE	0	NA	NA	NA	NA	NA		18.8	32.8	34.1	18.5	19.5	14.3	12.9	26.2	27.3	19.7	21.8	14.8	27.3
Zm00001d045735	2	mu1001948|mu1050080	UFMu-00272|UFMu-05984	CO-like	14	10	Zm00004b032274	One-to-One	high	splice_donor_variant	FALSE	5	0.6	mix	NA	NA	NA		60.1	31.8	43.1	21.7	38.4	48.7	46.6	18.1	48.6	28.6	31.4	29.4	48.6
Zm00001d046174	1	mu1050644	UFMu-06091	G2-like	61	54	Zm00004b032578	One-to-One	moderate	missense_variant	FALSE	1	1	acti	NA	NA	NA		0.0	0.0	0.0	0.0	10.6	0.1	0.0	0.0	0.5	0.0	9.0	0.1	9.0
Zm00001d046223	1	mu1030960	UFMu-03075	TALE	28	24	Zm00004b032608	One-to-One	moderate	conservative_inframe_deletion	FALSE	0	NA	NA	NA	NA	NA		1.5	0.0	0.0	2.1	1.6	23.8	1.8	0.0	0.0	2.8	1.5	30.9	30.9
Zm00001d046305	2	mu1050106|mu1050106	UFMu-06161|UFMu-12044	BES1	10	8	Zm00004b032660	One-to-One	low	synonymous_variant	FALSE	0	NA	NA	NA	NA	NA		64.8	7.5	20.8	11.3	28.2	26.7	42.7	14.8	21.9	70.4	29.2	23.7	70.4
Zm00001d046517	1	mu1088211	UFMu-11119	MYB	163	140	Zm00004b032843,Zm00004b032844,Zm00004b032845	Many-to-Many	non-syntenic	missense_variant	FALSE	0	NA	NA	NA	NA	NA		0.1	0.1	0.1	0.2	0.1	0.1	0.1	0.1	0.0	0.0	0.0	0.0	0.1
Zm00001d046518	1	mu1088211	UFMu-11119	MYB	163	141	Zm00004b032843,Zm00004b032844,Zm00004b032845	Many-to-Many	moderate	missense_variant	FALSE	0	NA	NA	NA	NA	NA		0.1	0.0	0.0	0.0	0.0	0.0	0.0	0.0	0.1	0.4	0.1	0.1	0.4
Zm00001d046568	1	mu1050134	UFMu-06414	TALE	28	25	Zm00004b032885	One-to-One	low	synonymous_variant	FALSE	2	-1	repr	NA	NA	NA		36.1	39.5	116.6	210.1	58.9	89.7	40.2	63.6	176.8	87.6	90.6	121.6	90.6
Zm00001d046621	1	mu1054922	UFMu-06724	AP2	28	25	Zm00004b032929	One-to-One	moderate	missense_variant	FALSE	0	NA	NA	NA	NA	NA		0.1	0.0	0.0	1.3	0.1	33.7	0.2	0.0	0.1	0.9	0.2	28.5	28.5
Zm00001d046759	1	mu1040125	UFMu-03264	bHLH	190	166	Zm00004b033038	One-to-One	moderate	disruptive_inframe_deletion	FALSE	0	NA	NA	NA	NA	NA		4.0	1.0	0.1	0.4	1.1	8.6	6.6	0.6	0.0	0.4	1.2	7.2	7.2
Zm00001d046774	1	mu1093615	UFMu-13992	C2H2	132	115	Zm00004b033050	One-to-One	moderate	missense_variant	FALSE	0	NA	NA	5.187549880287311	2	10	li2013,wang2018	1.3	0.0	4.9	1.1	0.0	2.9	1.4	0.2	3.6	1.6	0.5	3.5	3.6
Zm00001d046974	1	mu1042167	UFMu-04895	MYB_related	109	99	Zm00004b033204	One-to-One	non-syntenic	conservative_inframe_deletion	FALSE	0	NA	NA	NA	NA	NA		14.3	5.5	24.7	22.4	16.5	19.1	28.2	6.3	39.4	28.9	33.7	22.8	6.3
Zm00001d047017	3	mu1061236|mu1068743|mu1078829	UFMu-08145|UFMu-08605|UFMu-08917	bHLH	190	167	Zm00004b033231	Many-to-One	no_change	NA	FALSE	23	1	acti	NA	NA	NA		2.2	2.8	20.7	11.6	3.3	3.6	4.1	2.2	38.7	9.3	4.4	4.0	9.3
Zm00001d047216	2	mu1016554|mu1040175	UFMu-02274|UFMu-04133	bHLH	190	168	Zm00004b033420	One-to-One	high	splice_acceptor_variant	FALSE	0	NA	NA	NA	NA	NA		18.7	9.7	18.5	16.1	47.8	47.6	27.6	6.1	27.7	23.9	45.0	31.7	6.1
Zm00001d047421	1	mu1022119	UFMu-02420	GeBP	20	18	Zm00004b033573	One-to-One	moderate	conservative_inframe_insertion	FALSE	3	1	acti	NA	NA	NA		3.9	4.0	6.5	2.1	3.5	2.7	4.9	4.7	3.5	3.3	3.3	2.5	4.9
Zm00001d047554	1	mu1049924	UFMu-06493	NAC	126	106	Zm00004b033710	One-to-One	moderate	disruptive_inframe_insertion	FALSE	1	1	acti	NA	NA	NA		2.5	5.9	22.2	2.4	21.8	10.6	5.3	7.7	25.6	2.8	39.9	10.4	7.7
Zm00001d047563	2	mu1007168|mu1042129	UFMu-00469|UFMu-05170	EIL	9	8	Zm00004b033717	One-to-One	moderate	missense_variant	FALSE	0	NA	NA	11.515151515151516	1	8	wang2018	3.3	7.7	169.2	61.7	62.1	29.0	20.1	6.3	287.1	73.4	107.1	36.1	73.4
Zm00001d047574	2	mu1022433|mu1030365	UFMu-01886|UFMu-02682	WRKY	121	110	Zm00004b033725,Zm00004b033726	Many-to-One	modifier	intron_variant	FALSE	0	NA	NA	NA	NA	NA		11.0	3.2	17.7	82.2	12.4	39.8	7.5	2.5	22.1	50.9	8.4	59.1	8.4
Zm00001d048229	1	mu1019217	UFMu-01002	bHLH	190	171	Zm00004b034311	One-to-One	no_change	NA	FALSE	2	1	acti	NA	NA	NA		3.9	4.8	0.0	0.0	4.1	3.3	3.3	7.1	0.0	0.7	6.3	2.6	7.1
Zm00001d048391	2	mu1029628|mu1040292	UFMu-02862|UFMu-03664	GATA	36	33	Zm00004b034454	One-to-One	moderate	missense_variant	FALSE	0	NA	NA	NA	NA	NA		1.6	1.8	0.7	0.9	1.0	1.1	1.2	3.4	0.2	0.8	0.8	1.4	3.4
Zm00001d048471	1	mu1058234	UFMu-07505	TALE	28	26	Zm00004b034527	One-to-One	moderate	missense_variant	FALSE	2	1	acti	NA	NA	NA		0.1	0.3	52.5	26.2	35.0	14.3	0.0	0.1	63.6	32.1	29.2	11.9	63.6
Zm00001d048601	1	mu1077517	UFMu-09277	GRAS	81	68	Zm00004b020095	One-to-Many	high	frameshift_variant	FALSE	0	NA	NA	NA	NA	NA		0.0	0.0	0.1	0.0	35.0	0.2	0.5	0.7	1.9	0.8	11.0	0.5	11.0
Zm00001d048602	3	mu1059941|mu1091479|mu1091480	UFMu-08026|UFMu-11263|UFMu-11276	GRAS	81	69	Zm00004b020096	One-to-One	moderate	disruptive_inframe_insertion	FALSE	1	1	acti	NA	NA	NA		0.0	0.0	2.6	0.4	6.7	0.9	0.2	0.0	1.0	0.3	3.2	0.7	3.2
Zm00001d048603	6	mu1017218|mu1029647|mu1056703|mu1059942|mu1075124|mu1094910	UFMu-01198,UFMu-01334,UFMu-01537,UFMu-01856,UFMu-04548,UFMu-05170|UFMu-02727|UFMu-07233|UFMu-08229|UFMu-05806|UFMu-12046	GRAS	81	70	Zm00004b020095,Zm00004b020097	Many-to-Many,Many-to-One	high	frameshift_variant	FALSE	0	NA	NA	NA	NA	NA		6.7	2.6	27.4	5.7	15.1	4.8	6.4	3.9	30.2	8.2	16.1	4.9	8.2
Zm00001d048604	3	mu1021588|mu1021588|mu1030663	UFMu-01537|UFMu-10820|UFMu-02695,UFMu-03463,UFMu-07260	GRAS	81	71	Zm00004b020099	One-to-One	moderate	missense_variant	FALSE	2	1	acti	NA	NA	NA		3.0	2.7	29.5	9.5	13.0	3.7	6.0	3.2	29.4	7.3	12.5	3.4	7.3
Zm00001d049000	2	mu1005539|mu1022277	UFMu-01260,UFMu-03323,UFMu-04178,UFMu-06822|UFMu-02053	ZF-HD	21	17	Zm00004b020414	One-to-One	moderate	conservative_inframe_insertion	FALSE	0	NA	NA	NA	NA	NA		14.8	0.0	0.0	2.6	0.1	5.2	36.1	0.1	0.0	9.2	0.0	6.4	9.2
Zm00001d049369	2	mu1067365|mu1081254	UFMu-08568|UFMu-09474	B3	45	43	Zm00004b020715	One-to-One	high	start_lost	FALSE	7	-0.2857142857142857	mix	NA	NA	NA		23.8	14.1	60.8	16.1	46.5	38.1	15.3	2.5	28.6	17.6	16.4	15.6	28.6
Zm00001d049540	1	mu1077450	UFMu-09290	NAC	126	111	Zm00004b020836	One-to-One	moderate	missense_variant	FALSE	7	1	acti	NA	NA	NA		131.5	178.7	152.8	66.6	85.5	54.7	288.5	239.4	185.5	100.2	97.4	42.5	97.4
Zm00001d049800	2	mu1007963|mu1019417	UFMu-00382|UFMu-01166	BBR-BPC	4	4	Zm00004b021074	One-to-One	no_change	NA	FALSE	0	NA	NA	NA	NA	NA		33.6	11.0	16.8	8.0	14.7	13.6	30.7	12.1	12.5	15.1	15.3	15.3	30.7
Zm00001d050310	2	mu1003924|mu1014983	UFMu-00142|UFMu-01382	HD-ZIP	60	57	Zm00004b021475	One-to-One	moderate	missense_variant	FALSE	0	NA	NA	NA	NA	NA		48.3	7.1	68.7	55.9	71.1	66.4	53.0	18.4	43.1	46.7	69.0	61.1	69.0
Zm00001d050410	1	mu1086491	UFMu-10697	NAC	126	117	Zm00004b021545	One-to-One	moderate	missense_variant	FALSE	0	NA	NA	NA	NA	NA		0.0	0.0	0.0	0.0	0.0	0.0	0.0	0.0	0.0	0.0	0.0	0.0	0.0
Zm00001d050551	1	mu1075485	UFMu-05618	C2H2	132	126	Zm00004b021696	One-to-One	moderate	missense_variant	FALSE	0	NA	NA	NA	NA	NA		98.6	46.3	80.2	42.5	64.4	42.9	80.1	52.2	59.3	47.1	67.3	47.0	80.1
Zm00001d051018	1	mu1083446	UFMu-10036	DBB	14	14	Zm00004b021994	One-to-One	moderate	missense_variant	FALSE	1	1	acti	5.777310924369748	1	5	wang2018	0.8	0.1	26.3	20.3	4.8	35.0	2.5	0.4	69.2	33.8	20.1	44.4	69.2
Zm00001d051172	4	mu1067124|mu1070281|mu1083449|mu1083451	UFMu-08489|UFMu-02510|UFMu-10188|UFMu-10018	ARF	36	35	Zm00004b022107	One-to-One	moderate	missense_variant	FALSE	0	NA	NA	NA	NA	NA		12.7	0.3	4.9	16.2	18.1	28.1	5.3	0.7	3.4	13.5	9.7	12.0	9.7
Zm00001d051316	1	mu1038477	UFMu-02888	Trihelix	46	43	Zm00004b022205	One-to-One	moderate	conservative_inframe_deletion	FALSE	1	1	acti	NA	NA	NA		19.0	39.2	0.7	1.5	5.2	14.0	39.2	49.7	0.7	2.5	5.6	15.5	5.6
Zm00001d051387	3	mu1026531|mu1084804|mu1094781	UFMu-08323|UFMu-10411|UFMu-13871	GRAS	81	76	Zm00004b022266	One-to-One	no_change	NA	FALSE	0	NA	NA	NA	NA	NA		13.7	4.5	9.1	10.9	14.2	12.8	13.5	6.7	4.5	15.1	15.2	13.9	6.7
Zm00001d051458	1	mu1047994	UFMu-06254	MYB_related	109	108	Zm00004b022325,Zm00004b022326	Many-to-One	high	stop_gained	FALSE	0	NA	NA	NA	NA	NA		32.7	15.8	106.6	65.2	37.0	78.9	46.0	31.8	71.9	83.6	44.6	97.9	97.9
Zm00001d051573	2	mu1007280|mu1048005	UFMu-00461|UFMu-06385	ZF-HD	21	20	Zm00004b022441	One-to-One	moderate	missense_variant	FALSE	0	NA	NA	NA	NA	NA		13.7	0.0	0.0	0.6	0.4	2.1	14.6	0.1	0.0	0.6	0.1	2.3	2.3
Zm00001d051749	2	mu1048017|mu1091100	UFMu-06498|UFMu-11332	HD-ZIP	60	59	Zm00004b022589	One-to-One	moderate	missense_variant	FALSE	0	NA	NA	NA	NA	NA		12.3	0.5	123.9	34.2	50.1	66.1	1.2	3.7	52.0	12.9	32.5	10.5	52.0
Zm00001d051879	1	mu1022354	UFMu-01886,UFMu-06936	NAC	126	123	Zm00004b022707	One-to-One	low	synonymous_variant	FALSE	0	NA	NA	NA	NA	NA		64.5	40.9	118.4	69.6	94.7	59.9	52.6	30.7	73.3	77.8	95.1	57.8	95.1
Zm00001d052229	2	mu1077297|mu1083505	UFMu-09399|UFMu-10403	ERF	177	173	Zm00004b023012	One-to-One	no_change	NA	FALSE	6	1	acti	NA	NA	NA		1.7	14.1	198.5	84.1	185.7	83.1	2.5	13.1	520.2	92.1	263.0	118.1	92.1
Zm00001d052288	1	mu1086360	UFMu-11121	E2F/DP	19	19	Zm00004b023063	One-to-One	modifier	intron_variant	FALSE	286	1	acti	NA	NA	NA		40.9	0.1	0.1	0.0	11.5	13.4	21.0	0.2	0.1	0.0	9.6	8.1	9.6
Zm00001d052365	3	mu1008126|mu1014769|mu1018993	UFMu-00148|UFMu-01251|UFMu-00948	ERF	177	174	Zm00004b023135	One-to-One	moderate	missense_variant	FALSE	0	NA	NA	NA	NA	NA		0.5	0.1	0.1	0.1	0.2	0.1	0.5	0.3	0.0	0.1	0.1	0.1	0.5
Zm00001d052380	3	mu1038565|mu1073320|mu1086364	UFMu-03744,UFMu-04921,UFMu-06167|UFMu-03349|UFMu-10570,UFMu-12278	GRAS	81	78	Zm00004b023151	One-to-One	moderate	conservative_inframe_insertion	FALSE	34	1	acti	NA	NA	NA		36.5	1.9	9.6	9.4	19.2	51.5	24.8	1.2	6.3	7.1	14.5	31.0	7.1
Zm00001d052431	1	mu1091181	UFMu-11353	GATA	36	35	Zm00004b023195	One-to-One	high	stop_gained	FALSE	0	NA	NA	NA	NA	NA		0.0	0.0	0.0	0.0	0.0	0.0	0.0	0.0	0.0	0.0	0.0	0.0	0.0
Zm00001d052463	1	mu1070295	UFMu-02835	GRAS	81	79	Zm00004b023224	One-to-One	high	frameshift_variant	FALSE	0	NA	NA	NA	NA	NA		0.2	0.0	0.0	0.0	0.0	0.0	0.0	0.0	0.0	0.0	0.0	0.0	0.0
Zm00001d052725	1	mu1009212	UFMu-00416,UFMu-02628,UFMu-05566,UFMu-07927	bZIP	128	122	Zm00004b023417	One-to-One	modifier	intron_variant	FALSE	0	NA	NA	NA	NA	NA		16.5	41.4	13.8	4.7	16.2	9.2	19.9	60.5	17.1	12.8	16.0	9.7	9.7
Zm00001d052738	3	mu1014796|mu1045151|mu1067242	UFMu-02115|UFMu-05605|UFMu-08399	HSF	29	29	Zm00004b023430	One-to-One	moderate	disruptive_inframe_insertion	FALSE	15	1	acti	NA	NA	NA		0.3	5.8	3.5	1.4	1.6	1.3	18.6	36.2	64.5	6.5	4.0	1.5	64.5
Zm00001d052798	1	mu1045157	UFMu-05892	Trihelix	46	44	Zm00004b023478	One-to-One	moderate	missense_variant	FALSE	12	1	acti	10.560146923783288	1	7	li2013	7.3	4.8	1.8	4.9	7.1	8.3	7.2	6.6	6.0	5.4	7.1	8.1	8.1
Zm00001d052815	1	mu1022993	UFMu-01949	C2H2	132	130	Zm00004b023493	One-to-One	moderate	missense_variant	FALSE	0	NA	NA	NA	NA	NA		0.0	0.0	0.0	0.0	0.0	0.0	0.0	0.0	0.0	0.0	0.0	0.0	0.0
Zm00001d052847	3	mu1067257|mu1091216|mu1091217	UFMu-08437|UFMu-12261|UFMu-12044	WRKY	121	120	Zm00004b023521	One-to-One	no_change	NA	FALSE	0	NA	NA	7.391763463569166	1	8	wang2018	0.3	1.5	0.6	9.1	1.1	3.4	0.1	0.1	0.1	4.5	0.6	3.4	4.5
Zm00001d052883	1	mu1077338	UFMu-09268	C2H2	132	131	Zm00004b023546	One-to-One	modifier	intron_variant	FALSE	0	NA	NA	NA	NA	NA		0.6	0.0	0.0	0.0	0.2	0.9	0.3	0.0	0.0	0.0	0.3	0.8	0.8
Zm00001d052905	2	mu1021022|mu1042058	UFMu-01365,UFMu-01951|UFMu-05312	SBP	30	27	Zm00004b023564	One-to-One	modifier	3_prime_UTR_variant	FALSE	1	1	acti	NA	NA	NA		24.7	45.6	96.9	35.3	55.5	32.3	28.0	73.5	119.3	68.9	60.8	32.9	73.5
Zm00001d052933	5	mu1017577|mu1067263|mu1071125|mu1081210|mu1086389	UFMu-00809|UFMu-08797|UFMu-02883|UFMu-09466|UFMu-10913	NA	NA	NA	Zm00004b023587	One-to-One	non-syntenic	missense_variant	TRUE	0	NA	NA	NA	NA	NA		29.7	12.1	13.2	4.6	17.1	13.6	12.4	9.2	15.4	8.8	12.2	14.5	9.2
Zm00001d053151	1	mu1081217	UFMu-09878,UFMu-11946,UFMu-12308	TALE	28	27	Zm00004b023797	One-to-One	low	synonymous_variant	FALSE	12	1	acti	NA	NA	NA		0.1	0.9	286.5	105.9	50.6	45.7	0.1	2.0	185.6	45.2	68.6	47.1	68.6
Zm00001d053298	1	mu1008699	UFMu-00529	GeBP	20	20	Zm00004b023926	One-to-One	no_change	NA	FALSE	1	1	acti	NA	NA	NA		31.0	26.5	26.5	21.3	24.3	13.9	21.2	15.2	20.0	23.4	22.6	15.7	23.4
Zm00001d053369	4	mu1031274|mu1048159|mu1048160|mu1077370	UFMu-02504,UFMu-05605|UFMu-06456|UFMu-06118|UFMu-08953	WRKY	121	121	Zm00004b023980	One-to-One	moderate	disruptive_inframe_insertion	FALSE	1	1	acti	NA	NA	NA		11.4	0.1	3.1	2.0	5.9	5.0	9.6	0.2	2.0	1.2	4.4	3.7	9.6
Zm00001d053703	1	mu1081236	UFMu-09786	bZIP	128	126	Zm00004b024217	One-to-One	moderate	disruptive_inframe_insertion	FALSE	0	NA	NA	NA	NA	NA		0.1	0.6	0.0	0.0	0.5	0.0	0.0	0.2	0.0	0.9	0.1	0.1	0.9
Zm00001d053775	2	mu1086420|mu1086421	UFMu-11109|UFMu-11109	SBP	30	29	Zm00004b024280	One-to-One	non-syntenic	disruptive_inframe_deletion	FALSE	0	NA	NA	NA	NA	NA		5.6	7.3	17.7	12.3	10.7	7.4	2.3	9.2	6.7	10.2	5.8	3.7	9.2
Zm00001d053855	2	mu1038641|mu1048200	UFMu-04041|UFMu-06441	Whirly	2	2	Zm00004b024347	One-to-One	no_change	NA	FALSE	212	0.9842767295597484	acti	NA	NA	NA		135.6	31.4	50.1	18.1	36.3	39.1	115.4	8.8	30.5	19.0	33.8	42.2	8.8
Zm00001d053890	7	mu1026073|mu1053117|mu1053118|mu1069470|mu1073970|mu1086430|mu1091327	UFMu-08095|UFMu-06712|UFMu-06712|UFMu-08640|UFMu-04720|UFMu-10892|UFMu-11256	SBP	30	30	Zm00004b024383	One-to-One	high	frameshift_variant	FALSE	0	NA	NA	NA	NA	NA		4.3	2.6	28.0	6.0	8.6	16.1	4.0	1.3	17.0	10.6	12.1	16.2	4.0
Zm00001d053975	1	mu1071142	UFMu-02715	BES1	10	10	Zm00004b024434	One-to-One	non-syntenic	missense_variant	FALSE	1	1	acti	NA	NA	NA		15.7	8.0	22.0	13.8	19.6	13.7	9.9	12.1	19.1	14.6	14.6	11.3	9.9
Zm00001d053988	1	mu1018103	UFMu-00826	bZIP	128	128	Zm00004b024446	One-to-One	moderate	missense_variant	FALSE	0	NA	NA	13.779527559055119	1	8	li2013	12.6	0.0	19.2	1.1	3.2	12.2	16.3	0.1	7.3	2.7	5.8	6.1	7.3
Zm00001d054080	6	mu1039108|mu1048231|mu1071147|mu1071252|mu1086447|mu1094876	UFMu-03703|UFMu-06404|UFMu-02550|UFMu-02888|UFMu-10863|UFMu-13419	Trihelix	46	46	Zm00004b024512	One-to-One	moderate	missense_variant	FALSE	14	1	acti	NA	NA	NA		22.2	0.1	0.2	18.3	5.6	17.1	36.3	0.1	0.2	16.3	5.6	15.3	5.6
